Event,Country,First RunYYYY MM DD,Next AnniversaryYYYY MM DD,Anniversary Number
Aachener Weiher parkrun,Germany,2019-03-23,2025-03-22,6
Avondale University College parkrun,Australia,2021-03-27,2025-03-22,4
Cabinteely parkrun,Ireland,2015-03-28,2025-03-22,10
Chipping Norton parkrun,Australia,2018-03-24,2025-03-22,7
Clapham Common parkrun,United Kingdom,2018-03-24,2025-03-22,7
Dunleath Playing Fields parkrun,United Kingdom,2022-03-26,2025-03-22,3
Ennerdale Stadium parkrun,South Africa,2023-03-25,2025-03-22,2
Friedrichsau parkrun,Germany,2022-03-26,2025-03-22,3
Hastings High School parkrun,United Kingdom,2022-03-26,2025-03-22,3
Illaunmanagh parkrun,Ireland,2022-03-26,2025-03-22,3
Jarrahdale Heritage parkrun,Australia,2022-03-26,2025-03-22,3
Kensington parkrun,United States,2018-03-24,2025-03-22,7
Kleinplaas parkrun,South Africa,2022-03-26,2025-03-22,3
Knockanacree Woods parkrun,Ireland,2019-03-23,2025-03-22,6
Leeupoort parkrun,South Africa,2018-03-24,2025-03-22,7
Limavady parkrun,United Kingdom,2015-03-28,2025-03-22,10
Llyn Llech Owain parkrun,United Kingdom,2013-03-23,2025-03-22,12
Lochend Woods parkrun,United Kingdom,2019-03-23,2025-03-22,6
Meadowvale parkrun,Canada,2018-03-24,2025-03-22,7
"Millennium Country parkrun, Forest of Marston Vale",United Kingdom,2019-03-23,2025-03-22,6
Mount Barker parkrun,Australia,2014-03-22,2025-03-22,11
Newport parkrun,United Kingdom,2011-03-26,2025-03-22,14
Noordwyk parkrun,South Africa,2022-03-26,2025-03-22,3
parkrun Pabianice,Poland,2016-03-26,2025-03-22,9
parkrun Rumia,Poland,2015-03-28,2025-03-22,10
parkrun Wzniesienie Osowy,Poland,2022-03-26,2025-03-22,3
Penrose parkrun,United Kingdom,2015-03-28,2025-03-22,10
"Princes parkrun, Liverpool",United Kingdom,2011-03-26,2025-03-22,14
Reigate Priory parkrun,United Kingdom,2014-03-22,2025-03-22,11
Shanganagh parkrun,Ireland,2015-03-28,2025-03-22,10
St Lucia parkrun,Australia,2018-03-24,2025-03-22,7
The Wammy parkrun,United Kingdom,2018-03-24,2025-03-22,7
Treviso parkrun,Italy,2017-03-25,2025-03-22,8
Tsakane Wetlands parkrun,South Africa,2019-03-23,2025-03-22,6
Tubbercurry Trail parkrun,Ireland,2024-03-23,2025-03-22,1
Umstead Park parkrun,United States,2023-03-25,2025-03-22,2
Waitangi parkrun,New Zealand,2023-03-25,2025-03-22,2
Warrandyte River Reserve parkrun,Australia,2022-03-26,2025-03-22,3
"Bangor parkrun, Northern Ireland",United Kingdom,2014-03-29,2025-03-29,11
Blue Lagoon parkrun,South Africa,2019-03-30,2025-03-29,6
Clarens parkrun,South Africa,2019-03-30,2025-03-29,6
Cross Flatts parkrun,United Kingdom,2013-03-30,2025-03-29,12
"Ecos parkrun, Ballymena",United Kingdom,2012-03-31,2025-03-29,13
Henderson Lake parkrun,Canada,2019-03-30,2025-03-29,6
Jamaica Pond parkrun,United States,2018-03-31,2025-03-29,7
Kelvin Grove parkrun,Australia,2018-03-31,2025-03-29,7
Manjimup parkrun,Australia,2014-03-29,2025-03-29,11
Mount Isa parkrun,Australia,2018-03-31,2025-03-29,7
Northwich parkrun,United Kingdom,2018-03-31,2025-03-29,7
Ormskirk parkrun,United Kingdom,2014-03-29,2025-03-29,11
parkrun Cieszyn,Poland,2014-03-29,2025-03-29,11
Riverway parkrun,Australia,2013-03-30,2025-03-29,12
Shorne Woods parkrun,United Kingdom,2013-03-30,2025-03-29,12
Sunny Hill parkrun,United Kingdom,2019-03-30,2025-03-29,6
Upington parkrun,South Africa,2014-03-29,2025-03-29,11
Aspen parkrun,United States,2018-04-07,2025-04-05,7
Basildon parkrun,United Kingdom,2014-04-05,2025-04-05,11
Beeston parkrun,United Kingdom,2014-04-05,2025-04-05,11
Bideford parkrun,United Kingdom,2016-04-02,2025-04-05,9
Bracknell parkrun,United Kingdom,2015-04-04,2025-04-05,10
Bronberrik parkrun,South Africa,2017-04-01,2025-04-05,8
Broparken parkrun,Sweden,2022-04-02,2025-04-05,3
Charters Towers Airport parkrun,Australia,2022-04-02,2025-04-05,3
"City Park parkrun, Iowa",United States,2022-04-02,2025-04-05,3
Colchester Castle parkrun,United Kingdom,2013-04-06,2025-04-05,12
Cutler Park parkrun,United States,2024-04-06,2025-04-05,1
Felixstowe parkrun,United Kingdom,2018-04-07,2025-04-05,7
Forest Rec parkrun,United Kingdom,2013-04-06,2025-04-05,12
Fort William parkrun,United Kingdom,2018-04-07,2025-04-05,7
Futakotamagawa parkrun,Japan,2019-04-06,2025-04-05,6
George parkrun,South Africa,2014-04-05,2025-04-05,11
Gordon Carmichael Reserve parkrun,New Zealand,2024-04-06,2025-04-05,1
Hogsback parkrun,South Africa,2016-04-02,2025-04-05,9
Huddersfield parkrun,United Kingdom,2011-04-02,2025-04-05,14
Hull parkrun,United Kingdom,2010-04-03,2025-04-05,15
Karoola Park parkrun,Australia,2022-04-02,2025-04-05,3
Kedron parkrun,Australia,2016-04-02,2025-04-05,9
Keswick parkrun,United Kingdom,2014-04-05,2025-04-05,11
Klipspringer Lodge parkrun,South Africa,2022-04-02,2025-04-05,3
Lismore parkrun,Australia,2016-04-02,2025-04-05,9
Main Beach parkrun,Australia,2011-04-02,2025-04-05,14
Malmö Ribersborg parkrun,Sweden,2018-04-07,2025-04-05,7
Naracoorte Lake parkrun,Australia,2019-04-06,2025-04-05,6
"Neckarufer parkrun, Esslingen",Germany,2019-04-06,2025-04-05,6
Parke parkrun,United Kingdom,2014-04-05,2025-04-05,11
"parkrun Park Zdrojowy, Kudowa-Zdrój",Poland,2019-04-06,2025-04-05,6
Poole parkrun,United Kingdom,2011-04-02,2025-04-05,14
Poolsbrook parkrun,United Kingdom,2016-04-02,2025-04-05,9
Porthcawl parkrun,United Kingdom,2013-04-06,2025-04-05,12
Roma Pineto parkrun,Italy,2018-04-07,2025-04-05,7
Sharpham Estate parkrun,United Kingdom,2023-04-01,2025-04-05,2
South Toowoomba parkrun,Australia,2018-04-07,2025-04-05,7
Traralgon parkrun,Australia,2015-04-04,2025-04-05,10
Tullow parkrun,Ireland,2017-04-01,2025-04-05,8
Waterakkers parkrun,Netherlands,2023-04-01,2025-04-05,2
Whitby parkrun,Canada,2017-04-01,2025-04-05,8
Whiteley parkrun,United Kingdom,2017-04-01,2025-04-05,8
Woodlands parkrun,South Africa,2013-04-06,2025-04-05,12
Birdsland Reserve parkrun,Australia,2019-04-13,2025-04-12,6
Ceres parkrun,South Africa,2018-04-14,2025-04-12,7
Chaffey Park parkrun,Australia,2022-04-09,2025-04-12,3
Chippenham parkrun,United Kingdom,2014-04-12,2025-04-12,11
Church Mead parkrun,United Kingdom,2022-04-09,2025-04-12,3
Dulwich parkrun,United Kingdom,2012-04-14,2025-04-12,13
Enniskillen parkrun,United Kingdom,2013-04-13,2025-04-12,12
Fareham parkrun,United Kingdom,2016-04-09,2025-04-12,9
Fingal Bay parkrun,Australia,2013-04-13,2025-04-12,12
George Town parkrun,Australia,2017-04-08,2025-04-12,8
Graves parkrun,United Kingdom,2012-04-14,2025-04-12,13
Great Dunmow parkrun,United Kingdom,2018-04-14,2025-04-12,7
Guernsey parkrun,United Kingdom,2016-04-09,2025-04-12,9
Heartlands parkrun,United Kingdom,2018-04-14,2025-04-12,7
Huntingdon parkrun,United Kingdom,2013-04-13,2025-04-12,12
Kambaku Golf Club parkrun,South Africa,2024-04-13,2025-04-12,1
Kei Mouth parkrun,South Africa,2019-04-13,2025-04-12,6
Littlehampton Prom parkrun,United Kingdom,2019-04-13,2025-04-12,6
Lullingstone parkrun,United Kingdom,2015-04-11,2025-04-12,10
Maidstone River Park parkrun,United Kingdom,2013-04-13,2025-04-12,12
Montalto Estate parkrun,United Kingdom,2024-04-13,2025-04-12,1
Morecambe Prom parkrun,United Kingdom,2019-04-13,2025-04-12,6
Myponga Reservoir parkrun,Australia,2022-04-09,2025-04-12,3
North Bay parkrun,Canada,2018-04-14,2025-04-12,7
Örebro parkrun,Sweden,2017-04-08,2025-04-12,8
Paarl parkrun,South Africa,2016-04-09,2025-04-12,9
parkrun Warszawa-Żoliborz,Poland,2014-04-12,2025-04-12,11
Penistone parkrun,United Kingdom,2019-04-13,2025-04-12,6
Peter Pan parkrun,United Kingdom,2013-04-13,2025-04-12,12
Polokwane parkrun,South Africa,2015-04-11,2025-04-12,10
Pont y Bala parkrun,United Kingdom,2019-04-13,2025-04-12,6
Pymmes parkrun,United Kingdom,2011-04-09,2025-04-12,14
Ridley Place Foreshore parkrun,Australia,2024-04-13,2025-04-12,1
"Royal Canal parkrun, Kilcock",Ireland,2019-04-13,2025-04-12,6
Russell Park parkrun,New Zealand,2022-04-09,2025-04-12,3
Scarborough parkrun,New Zealand,2024-04-13,2025-04-12,1
Strathclyde parkrun,United Kingdom,2010-04-10,2025-04-12,15
Swakopmund parkrun,South Africa,2017-04-08,2025-04-12,8
Thurso parkrun,United Kingdom,2018-04-14,2025-04-12,7
Warragul parkrun,Australia,2015-04-11,2025-04-12,10
Whyalla Foreshore parkrun,Australia,2024-04-13,2025-04-12,1
Wilmslow parkrun,United Kingdom,2015-04-11,2025-04-12,10
Wöhrder See parkrun,Germany,2018-04-14,2025-04-12,7
Abbey Park parkrun,United Kingdom,2023-04-15,2025-04-19,2
Aliwal North Golf Club parkrun,South Africa,2023-04-15,2025-04-19,2
Bicester parkrun,United Kingdom,2016-04-16,2025-04-19,9
Bishan parkrun,Singapore,2018-04-21,2025-04-19,7
Blyth Links parkrun,United Kingdom,2019-04-20,2025-04-19,6
Brakpan parkrun,South Africa,2018-04-21,2025-04-19,7
Bramhall parkrun,United Kingdom,2008-04-19,2025-04-19,17
Castlerea parkrun,Ireland,2017-04-15,2025-04-19,8
Conkers parkrun,United Kingdom,2011-04-16,2025-04-19,14
Cornerstone Lakes parkrun,United States,2023-04-15,2025-04-19,2
Cottesloe parkrun,Australia,2015-04-18,2025-04-19,10
De Potten parkrun,Netherlands,2023-04-15,2025-04-19,2
Donauradweg parkrun,Austria,2022-04-16,2025-04-19,3
Esperance Foreshore parkrun,Australia,2024-04-20,2025-04-19,1
Foro Italico parkrun,Italy,2018-04-21,2025-04-19,7
Hastings parkrun,United Kingdom,2015-04-18,2025-04-19,10
Hoërskool Ben Viljoen parkrun,South Africa,2023-04-15,2025-04-19,2
"Jubilee parkrun, Tenterfield",Australia,2024-04-20,2025-04-19,1
Kirkwall parkrun,United Kingdom,2018-04-21,2025-04-19,7
Lalor parkrun,Australia,2016-04-16,2025-04-19,9
"Lister Park parkrun, Bradford",United Kingdom,2010-04-17,2025-04-19,15
Luton Wardown parkrun,United Kingdom,2015-04-18,2025-04-19,10
Mackay parkrun,Australia,2016-04-16,2025-04-19,9
Moana parkrun,Australia,2018-04-21,2025-04-19,7
Moana Point Reserve parkrun,New Zealand,2024-04-20,2025-04-19,1
New Earswick parkrun,United Kingdom,2018-04-21,2025-04-19,7
Oudtshoorn parkrun,South Africa,2015-04-18,2025-04-19,10
parkrun Tczew,Poland,2016-04-16,2025-04-19,9
"Portobello parkrun, Edinburgh",United Kingdom,2015-04-18,2025-04-19,10
"Preston Park parkrun, Brighton",United Kingdom,2013-04-20,2025-04-19,12
Rotherham parkrun,United Kingdom,2013-04-20,2025-04-19,12
Ruchill parkrun,United Kingdom,2017-04-15,2025-04-19,8
Sale parkrun,Australia,2015-04-18,2025-04-19,10
Sasolburg Stadium parkrun,South Africa,2022-04-16,2025-04-19,3
Sippo Lake parkrun,United States,2019-04-20,2025-04-19,6
South Shields parkrun,United Kingdom,2013-04-20,2025-04-19,12
St Andrews parkrun,United Kingdom,2012-04-21,2025-04-19,13
Stavanger parkrun,Norway,2018-04-21,2025-04-19,7
Tyne Green parkrun,United Kingdom,2019-04-20,2025-04-19,6
Wakehurst parkrun,United Kingdom,2024-04-20,2025-04-19,1
Walton parkrun,United Kingdom,2019-04-20,2025-04-19,6
Wanneroo parkrun,Australia,2018-04-21,2025-04-19,7
Whalan Reserve parkrun,Australia,2021-04-17,2025-04-19,4
Wynyard Woodland parkrun,United Kingdom,2023-04-15,2025-04-19,2
Amager Strandpark parkrun,Denmark,2012-04-28,2025-04-26,13
Aplins Weir parkrun,Australia,2018-04-28,2025-04-26,7
Ararat parkrun,Australia,2017-04-22,2025-04-26,8
Ashton Court parkrun,United Kingdom,2011-04-23,2025-04-26,14
Avondale Forest parkrun,Ireland,2018-04-28,2025-04-26,7
Bellerive parkrun,Australia,2018-04-28,2025-04-26,7
Caledon Golf Course parkrun,South Africa,2023-04-22,2025-04-26,2
Catford parkrun,United Kingdom,2018-04-28,2025-04-26,7
Chadderton Hall parkrun,United Kingdom,2016-04-23,2025-04-26,9
Clare Valley parkrun,Australia,2016-04-23,2025-04-26,9
Clermont Waterfront parkrun,United States,2013-04-27,2025-04-26,12
"Cycle Route 43 parkrun, Ystalyfera",United Kingdom,2024-04-27,2025-04-26,1
Eagan parkrun,United States,2017-04-22,2025-04-26,8
Edenbrook Country parkrun,United Kingdom,2022-04-23,2025-04-26,3
Emerald parkrun,Australia,2017-04-29,2025-04-26,8
Forest of Dean parkrun,United Kingdom,2010-04-24,2025-04-26,15
Gilloolys parkrun,South Africa,2016-04-23,2025-04-26,9
Ginninderra parkrun,Australia,2012-04-28,2025-04-26,13
Glass House Mountains Conservation parkrun,Australia,2019-04-27,2025-04-26,6
Goolwa parkrun,Australia,2018-04-28,2025-04-26,7
Gorleston Cliffs parkrun,United Kingdom,2009-04-25,2025-04-26,16
"Grand Ridge Rail Trail parkrun, Mirboo North",Australia,2019-04-27,2025-04-26,6
Hamlet Park parkrun,United States,2022-04-30,2025-04-26,3
Hartlepool parkrun,United Kingdom,2014-04-26,2025-04-26,11
Havelkanal parkrun,Germany,2023-04-22,2025-04-26,2
Jeune Park parkrun,Australia,2024-04-27,2025-04-26,1
Joe Creason parkrun,United States,2018-04-28,2025-04-26,7
Killerton parkrun,United Kingdom,2011-04-30,2025-04-26,14
Kingdom parkrun,United Kingdom,2019-04-27,2025-04-26,6
Kroonstad parkrun,South Africa,2017-04-22,2025-04-26,8
Kununurra parkrun,Australia,2018-04-28,2025-04-26,7
Lake Claremont parkrun,Australia,2022-04-23,2025-04-26,3
Leamington parkrun,United Kingdom,2011-04-23,2025-04-26,14
Leeton Sport and Recreation Precinct parkrun,Australia,2021-04-24,2025-04-26,4
Lillydale Lake parkrun,Australia,2014-04-26,2025-04-26,11
Listowel parkrun,Ireland,2017-04-22,2025-04-26,8
Lonehill parkrun,South Africa,2014-04-26,2025-04-26,11
Macclesfield parkrun,United Kingdom,2018-04-28,2025-04-26,7
Margate parkrun,United Kingdom,2013-04-27,2025-04-26,12
Markeaton parkrun,United Kingdom,2013-04-27,2025-04-26,12
Market Harborough parkrun,United Kingdom,2015-04-25,2025-04-26,10
Merthyr parkrun,United Kingdom,2017-04-22,2025-04-26,8
Middleton Woods parkrun,United Kingdom,2018-04-28,2025-04-26,7
Mobilong parkrun,Australia,2019-04-27,2025-04-26,6
Moreletapark Gemeente parkrun,South Africa,2023-04-29,2025-04-26,2
Mount Ainslie parkrun,Australia,2018-04-28,2025-04-26,7
Mullingar parkrun,Ireland,2016-04-23,2025-04-26,9
Newcastle West parkrun,Ireland,2016-04-23,2025-04-26,9
Ocean Grove parkrun,Australia,2018-04-28,2025-04-26,7
Ovens River Trail parkrun,Australia,2021-04-24,2025-04-26,4
parkrun Białystok,Poland,2016-04-30,2025-04-26,9
parkrun Lasek Miejski,Poland,2024-04-27,2025-04-26,1
Parkville parkrun,Australia,2016-04-30,2025-04-26,9
Picton parkrun,Australia,2018-04-28,2025-04-26,7
Portsmouth Lakeside parkrun,United Kingdom,2016-04-30,2025-04-26,9
Queanbeyan parkrun,Australia,2017-04-29,2025-04-26,8
Redcar parkrun,United Kingdom,2012-04-28,2025-04-26,13
Rockingham parkrun,Australia,2013-04-27,2025-04-26,12
Roodepoort parkrun,South Africa,2012-04-28,2025-04-26,13
Roundhay parkrun,United Kingdom,2011-04-23,2025-04-26,14
Royal Tunbridge Wells parkrun,United Kingdom,2014-04-26,2025-04-26,11
Shepton Mallet parkrun,United Kingdom,2017-04-29,2025-04-26,8
Snowden Field parkrun,United Kingdom,2019-04-27,2025-04-26,6
Stones Corner parkrun,Australia,2014-04-26,2025-04-26,11
Tallangatta Station parkrun,Australia,2023-04-29,2025-04-26,2
Tamagawa chuo koen parkrun,Japan,2021-04-24,2025-04-26,4
Tauranga parkrun,New Zealand,2018-04-28,2025-04-26,7
Vaal Marina parkrun,South Africa,2018-04-28,2025-04-26,7
Winchester parkrun,United Kingdom,2013-04-27,2025-04-26,12
Yackandandah Rail Trail parkrun,Australia,2023-04-22,2025-04-26,2
Yeldulknie Weir Trail parkrun,Australia,2019-04-27,2025-04-26,6
Abingdon parkrun,United Kingdom,2011-05-07,2025-05-03,14
Applecross parkrun,Australia,2017-05-06,2025-05-03,8
Ashbourne Recreation Ground parkrun,United Kingdom,2022-05-07,2025-05-03,3
Aviemore parkrun,United Kingdom,2017-05-06,2025-05-03,8
Balclutha parkrun,New Zealand,2018-05-05,2025-05-03,7
Barry Island parkrun,United Kingdom,2015-05-02,2025-05-03,10
Batemans Bay parkrun,Australia,2016-05-07,2025-05-03,9
Beach Strip parkrun,Canada,2017-05-06,2025-05-03,8
Belfast Victoria parkrun,United Kingdom,2011-05-07,2025-05-03,14
Big Bay parkrun,South Africa,2013-05-04,2025-05-03,12
Blaise Castle parkrun,United Kingdom,2023-05-06,2025-05-03,2
"Charleston parkrun, West Virginia",United States,2018-05-05,2025-05-03,7
Cleveland parkrun,Australia,2013-05-04,2025-05-03,12
"Eastern Trail parkrun, Biddeford",United States,2023-05-06,2025-05-03,2
Echuca Moama parkrun,Australia,2017-05-06,2025-05-03,8
Elliott Heads Beach parkrun,Australia,2022-05-07,2025-05-03,3
Fuldaaue parkrun,Germany,2022-05-07,2025-05-03,3
Gadebridge parkrun,United Kingdom,2015-05-02,2025-05-03,10
Glenfarne Wood parkrun,Ireland,2024-05-04,2025-05-03,1
Hanworth parkrun,United Kingdom,2019-05-04,2025-05-03,6
Harkerville parkrun,South Africa,2018-05-05,2025-05-03,7
Inibos parkrun,South Africa,2022-05-07,2025-05-03,3
Kräherwald parkrun,Germany,2018-05-05,2025-05-03,7
Loftsgardsbrua parkrun,Norway,2024-05-04,2025-05-03,1
Lower Hutt parkrun,New Zealand,2012-05-05,2025-05-03,13
Mbabane parkrun,South Africa,2017-05-06,2025-05-03,8
Medina I.O.W. parkrun,United Kingdom,2011-05-07,2025-05-03,14
Morrissey Park parkrun,United States,2024-05-04,2025-05-03,1
Northampton parkrun,United Kingdom,2012-05-05,2025-05-03,13
Nulkaba parkrun,Australia,2018-05-05,2025-05-03,7
O’Connors Beach parkrun,Australia,2023-05-06,2025-05-03,2
Ottawa-Carleton Trailway parkrun,Canada,2024-05-04,2025-05-03,1
Parkindula Reserve parkrun,Australia,2023-05-06,2025-05-03,2
"parkrun Błonie, Krotoszyn",Poland,2023-05-06,2025-05-03,2
parkrun Jezioro Swarzędzkie,Poland,2019-05-04,2025-05-03,6
parkrun Katowice,Poland,2016-05-07,2025-05-03,9
parkrun Opole,Poland,2015-05-02,2025-05-03,10
Pontefract parkrun,United Kingdom,2011-05-07,2025-05-03,14
Prospect parkrun,United Kingdom,2018-05-05,2025-05-03,7
Purcell parkrun,United States,2024-05-04,2025-05-03,1
Raphael parkrun,United Kingdom,2015-05-02,2025-05-03,10
Rhodes parkrun,Australia,2015-05-02,2025-05-03,10
Richards Bay parkrun,South Africa,2016-05-07,2025-05-03,9
Rushmoor parkrun,United Kingdom,2014-05-03,2025-05-03,11
Salento parkrun,Italy,2018-05-05,2025-05-03,7
Shiraz Trail parkrun,Australia,2019-05-04,2025-05-03,6
Stadtpark parkrun,Germany,2023-05-06,2025-05-03,2
Stamford Park parkrun,United Kingdom,2015-05-02,2025-05-03,10
Street parkrun,United Kingdom,2018-05-05,2025-05-03,7
"Thames Path parkrun, Woolwich",United Kingdom,2023-05-06,2025-05-03,2
"Tollcross parkrun, Glasgow",United Kingdom,2013-05-04,2025-05-03,12
Uckfield parkrun,United Kingdom,2019-05-04,2025-05-03,6
Uppsala parkrun,Sweden,2018-05-05,2025-05-03,7
Volksgarten parkrun,Germany,2019-05-04,2025-05-03,6
Waterfall parkrun,South Africa,2018-05-05,2025-05-03,7
Altona Beach parkrun,Australia,2015-05-09,2025-05-10,10
Athlone RSC parkrun,Ireland,2024-05-11,2025-05-10,1
Bedfont Lakes parkrun,United Kingdom,2009-05-09,2025-05-10,16
Brabrand parkrun,Denmark,2010-05-08,2025-05-10,15
Bungendore Common parkrun,Australia,2024-05-11,2025-05-10,1
Canton Lower Rouge Trail parkrun,United States,2023-05-13,2025-05-10,2
Century City parkrun,South Africa,2016-05-14,2025-05-10,9
Curl Curl parkrun,Australia,2013-05-11,2025-05-10,12
Dartford Heath parkrun,United Kingdom,2018-05-12,2025-05-10,7
Dixon Field parkrun,Australia,2023-05-13,2025-05-10,2
Eastleigh parkrun,United Kingdom,2010-05-08,2025-05-10,15
Ekebergsletta parkrun,Norway,2022-05-14,2025-05-10,3
Erddig parkrun,United Kingdom,2016-05-14,2025-05-10,9
Gisborne parkrun,New Zealand,2018-05-12,2025-05-10,7
Gongendo 2gou kouen parkrun,Japan,2023-05-13,2025-05-10,2
Hampstead Heath parkrun,United Kingdom,2011-05-14,2025-05-10,14
Hampton Oval parkrun,Australia,2021-05-08,2025-05-10,4
Harrow parkrun,United Kingdom,2015-05-09,2025-05-10,10
Knocknacarra parkrun,Ireland,2014-05-10,2025-05-10,11
Lancefield parkrun,Australia,2018-05-12,2025-05-10,7
Lough Key parkrun,Ireland,2016-05-14,2025-05-10,9
Luitpold parkrun,Germany,2019-05-11,2025-05-10,6
Nagambie Lake parkrun,Australia,2024-05-11,2025-05-10,1
Narooma Wetlands parkrun,Australia,2023-05-13,2025-05-10,2
Ocean View parkrun,Australia,2018-05-12,2025-05-10,7
Ōrākei Bay parkrun,New Zealand,2024-05-11,2025-05-10,1
"Otago Central Rail Trail parkrun, Alexandra",New Zealand,2024-05-11,2025-05-10,1
"parkrun Park na Wyspie, Piła",Poland,2019-05-11,2025-05-10,6
parkrun Warszawa-Praga,Poland,2013-05-11,2025-05-10,12
Pegwell Bay parkrun,United Kingdom,2013-05-11,2025-05-10,12
Pendle parkrun,United Kingdom,2014-05-10,2025-05-10,11
Preston parkrun,United Kingdom,2012-05-12,2025-05-10,13
Prinzenpark parkrun,Germany,2022-05-14,2025-05-10,3
Robertson parkrun,South Africa,2018-05-12,2025-05-10,7
Rother Valley parkrun,United Kingdom,2013-05-11,2025-05-10,12
Sloughbottom parkrun,United Kingdom,2019-05-11,2025-05-10,6
Southern Highlands Botanic Gardens parkrun,Australia,2022-05-14,2025-05-10,3
"Springburn parkrun, Glasgow",United Kingdom,2014-05-10,2025-05-10,11
Swaleside parkrun,United Kingdom,2022-05-14,2025-05-10,3
The Entrance parkrun,Australia,2016-05-14,2025-05-10,9
The Fisherman‘s Walk parkrun,United Kingdom,2024-05-11,2025-05-10,1
The Grange parkrun,United Kingdom,2019-05-11,2025-05-10,6
Timboon parkrun,Australia,2017-05-13,2025-05-10,8
Tynehead Regional parkrun,Canada,2024-05-11,2025-05-10,1
Uvongo parkrun,South Africa,2013-05-11,2025-05-10,12
Welkom parkrun,South Africa,2017-05-13,2025-05-10,8
Wepre parkrun,United Kingdom,2016-05-14,2025-05-10,9
Wildflower parkrun,Australia,2018-05-12,2025-05-10,7
Yarrabilba parkrun,Australia,2014-05-10,2025-05-10,11
Amager Fælled parkrun,Denmark,2009-05-16,2025-05-17,16
Arrow Rest parkrun,South Africa,2022-05-21,2025-05-17,3
Boksburg parkrun,South Africa,2015-05-16,2025-05-17,10
Buckingham parkrun,United Kingdom,2014-05-17,2025-05-17,11
"Camperdown parkrun, Dundee",United Kingdom,2012-05-19,2025-05-17,13
Chichibu Muse Park parkrun,Japan,2023-05-20,2025-05-17,2
Clitheroe Castle parkrun,United Kingdom,2018-05-19,2025-05-17,7
Clonbur Woods parkrun,Ireland,2019-05-18,2025-05-17,6
Clonmel parkrun,Ireland,2017-05-20,2025-05-17,8
Cobar parkrun,Australia,2018-05-19,2025-05-17,7
Coburg parkrun,Australia,2015-05-16,2025-05-17,10
Conyngham Hall parkrun,United Kingdom,2019-05-18,2025-05-17,6
Euroa parkrun,Australia,2018-05-19,2025-05-17,7
Fulwell Quarry parkrun,United Kingdom,2024-05-18,2025-05-17,1
Greenock parkrun,United Kingdom,2014-05-17,2025-05-17,11
Heidedal parkrun,South Africa,2017-05-20,2025-05-17,8
Hobsonville Point parkrun,New Zealand,2019-05-18,2025-05-17,6
Inch Beach parkrun,Ireland,2018-05-19,2025-05-17,7
Jubilee Way parkrun,Australia,2018-05-19,2025-05-17,7
Kiessee parkrun,Germany,2019-05-18,2025-05-17,6
Lochore Meadows parkrun,United Kingdom,2018-05-19,2025-05-17,7
Longford parkrun,Ireland,2016-05-21,2025-05-17,9
Macroom Castle Demesne parkrun,Ireland,2013-05-18,2025-05-17,12
MUSA Cookstown parkrun,United Kingdom,2013-05-18,2025-05-17,12
Ome kyuryo parkrun,Japan,2022-05-21,2025-05-17,3
"parkrun Jezioro Zatorze, Konin",Poland,2019-05-18,2025-05-17,6
parkrun Kraków,Poland,2013-05-18,2025-05-17,12
parkrun Las Miejski,Poland,2024-05-18,2025-05-17,1
Peacehaven parkrun,United Kingdom,2017-05-20,2025-05-17,8
Portland parkrun,Australia,2016-05-21,2025-05-17,9
Queen Elizabeth parkrun,United Kingdom,2013-05-18,2025-05-17,12
Roma parkrun,Australia,2014-05-17,2025-05-17,11
Taree parkrun,Australia,2015-05-16,2025-05-17,10
Tetbury Goods Shed parkrun,United Kingdom,2019-05-18,2025-05-17,6
Varsity Lakes parkrun,Australia,2013-05-18,2025-05-17,12
Veterans Park parkrun,United States,2024-05-18,2025-05-17,1
Wanstead Flats parkrun,United Kingdom,2011-05-21,2025-05-17,14
Weedon Island Preserve parkrun,United States,2019-05-18,2025-05-17,6
Whitemark Wharf parkrun,Australia,2019-05-18,2025-05-17,6
Alvaston parkrun,United Kingdom,2019-05-25,2025-05-24,6
Anderson parkrun,New Zealand,2016-05-28,2025-05-24,9
Ballina Coast parkrun,Australia,2017-05-27,2025-05-24,8
Barry Curtis parkrun,New Zealand,2013-05-25,2025-05-24,12
Bethlem Royal Hospital parkrun,United Kingdom,2019-05-25,2025-05-24,6
Bognor Regis parkrun,United Kingdom,2014-05-24,2025-05-24,11
Bramshall Road parkrun,United Kingdom,2022-05-28,2025-05-24,3
Brockenhurst parkrun,United Kingdom,2013-05-25,2025-05-24,12
Castlemaine parkrun,Australia,2015-05-23,2025-05-24,10
Cleethorpes parkrun,United Kingdom,2014-05-24,2025-05-24,11
ESBA parkrun,United Kingdom,2023-05-27,2025-05-24,2
"Falls parkrun, Belfast",United Kingdom,2012-05-26,2025-05-24,13
Graham Andrews parkrun,Australia,2019-05-25,2025-05-24,6
Halsema Trailhead parkrun,United States,2024-05-25,2025-05-24,1
Harrismith parkrun,South Africa,2015-05-23,2025-05-24,10
Hazeldean Farm parkrun,South Africa,2019-05-25,2025-05-24,6
Highlands parkrun,Australia,2013-05-25,2025-05-24,12
Kilmore Racecourse Walking Track parkrun,Australia,2023-05-27,2025-05-24,2
Lake Pacawa parkrun,United States,2024-05-25,2025-05-24,1
Largs Prom parkrun,United Kingdom,2022-05-28,2025-05-24,3
Maroondah Dam parkrun,Australia,2023-05-27,2025-05-24,2
Marple parkrun,United Kingdom,2012-05-26,2025-05-24,13
Mattilanniemi parkrun,Finland,2023-05-27,2025-05-24,2
Mawson Lakes parkrun,Australia,2017-05-27,2025-05-24,8
Mount Beauty parkrun,Australia,2017-05-27,2025-05-24,8
New Ross parkrun,Ireland,2015-05-23,2025-05-24,10
North Sydney parkrun,Australia,2018-05-26,2025-05-24,7
parkrun Kutno,Poland,2017-05-27,2025-05-24,8
"parkrun Słodowo, Włocławek",Poland,2019-05-25,2025-05-24,6
Penrith Lakes parkrun,Australia,2014-05-24,2025-05-24,11
Polkemmet Country parkrun,United Kingdom,2019-05-25,2025-05-24,6
Root 44 parkrun,South Africa,2013-05-25,2025-05-24,12
Ruthin Memorial Playing Fields parkrun,United Kingdom,2022-05-28,2025-05-24,3
Stevenage parkrun,United Kingdom,2016-05-28,2025-05-24,9
Swaffham parkrun,United Kingdom,2018-05-26,2025-05-24,7
Uditore parkrun,Italy,2015-05-23,2025-05-24,10
Vallaskogen parkrun,Sweden,2019-05-25,2025-05-24,6
Woodlands Historic Park parkrun,Australia,2023-05-27,2025-05-24,2
"Albert parkrun, Middlesbrough",United Kingdom,2008-05-31,2025-05-31,17
Canyon Rim Trail parkrun,United States,2021-05-29,2025-05-31,4
Comber parkrun,United Kingdom,2014-05-31,2025-05-31,11
Crystal Palace parkrun,United Kingdom,2010-05-29,2025-05-31,15
Devonport parkrun,Australia,2015-05-30,2025-05-31,10
Goole parkrun,United Kingdom,2015-05-30,2025-05-31,10
Hackney Marshes parkrun,United Kingdom,2010-05-29,2025-05-31,15
Horton Park parkrun,United Kingdom,2015-05-30,2025-05-31,10
Mt Penang parkrun,Australia,2014-05-31,2025-05-31,11
Nibe parkrun,Denmark,2010-05-29,2025-05-31,15
The Avenues parkrun,Australia,2021-05-29,2025-05-31,4
The Ponds parkrun,Australia,2015-05-30,2025-05-31,10
Barclay parkrun,United Kingdom,2015-06-06,2025-06-07,10
Bay East Garden parkrun,Singapore,2024-06-01,2025-06-07,1
Beckton parkrun,United Kingdom,2012-06-02,2025-06-07,13
Berrinba parkrun,Australia,2014-06-07,2025-06-07,11
Bowen parkrun,Australia,2016-06-04,2025-06-07,9
Burnie parkrun,Australia,2018-06-02,2025-06-07,7
Burnley parkrun,United Kingdom,2012-06-02,2025-06-07,13
Canning River parkrun,Australia,2013-06-01,2025-06-07,12
Deep Run parkrun,United States,2017-06-03,2025-06-07,8
Drumchapel parkrun,United Kingdom,2016-06-04,2025-06-07,9
Dundalk parkrun,Ireland,2015-06-06,2025-06-07,10
Emerald Resort parkrun,South Africa,2024-06-01,2025-06-07,1
George Lane Memorial parkrun,Canada,2022-06-04,2025-06-07,3
Gillies Lake parkrun,Canada,2019-06-01,2025-06-07,6
Huddle parkrun,South Africa,2023-06-03,2025-06-07,2
Humber Bridge parkrun,United Kingdom,2014-06-07,2025-06-07,11
Inis Meáin parkrun,Ireland,2023-06-03,2025-06-07,2
Jan Alfano Trail parkrun,United States,2024-06-01,2025-06-07,1
"Kingsway parkrun, Gloucester",United Kingdom,2015-06-06,2025-06-07,10
Kirkdale Reserve parkrun,Australia,2022-06-04,2025-06-07,3
Livonia parkrun,United States,2012-06-02,2025-06-07,13
Marecchia parkrun,Italy,2016-06-04,2025-06-07,9
Miyagawa koen parkrun,Japan,2023-06-03,2025-06-07,2
Monrepos parkrun,Germany,2019-06-01,2025-06-07,6
Mote Park parkrun,United Kingdom,2022-06-04,2025-06-07,3
Narrabri parkrun,Australia,2016-06-04,2025-06-07,9
Newark parkrun,United Kingdom,2013-06-01,2025-06-07,12
Odendaal Stadium parkrun,South Africa,2015-06-06,2025-06-07,10
parkrun Wrocław,Poland,2013-06-01,2025-06-07,12
Rex Jackson Oval parkrun,Australia,2024-06-01,2025-06-07,1
Rising Sun parkrun,United Kingdom,2016-06-04,2025-06-07,9
Rosensteinpark parkrun,Germany,2022-06-04,2025-06-07,3
Salisbury parkrun,United Kingdom,2015-06-06,2025-06-07,10
Sandon Point parkrun,Australia,2013-06-01,2025-06-07,12
Settlers Park parkrun,South Africa,2023-06-03,2025-06-07,2
South Para Reservoir parkrun,Australia,2021-06-05,2025-06-07,4
Terra Nova parkrun,South Africa,2024-06-01,2025-06-07,1
Thornham Walks parkrun,United Kingdom,2023-06-03,2025-06-07,2
Tidworth parkrun,United Kingdom,2022-06-04,2025-06-07,3
"Tollgate Farm Park parkrun, baqʷab",United States,2024-06-01,2025-06-07,1
Upton House parkrun,United Kingdom,2017-06-03,2025-06-07,8
"Watergrove parkrun, Rochdale",United Kingdom,2014-06-07,2025-06-07,11
West Beach parkrun,Australia,2016-06-04,2025-06-07,9
"Y Promenâd parkrun, Aberhonddu",United Kingdom,2024-06-01,2025-06-07,1
Aberdare parkrun,United Kingdom,2018-06-09,2025-06-14,7
Ballito parkrun,South Africa,2015-06-13,2025-06-14,10
Bedford parkrun,United Kingdom,2011-06-11,2025-06-14,14
Bellevue parkrun,Canada,2017-06-10,2025-06-14,8
Bramley parkrun,United Kingdom,2015-06-13,2025-06-14,10
Coffs Harbour parkrun,Australia,2017-06-10,2025-06-14,8
Crane Park parkrun,United Kingdom,2012-06-09,2025-06-14,13
Des Moines Creek parkrun,United States,2018-06-09,2025-06-14,7
Elder Park parkrun,United Kingdom,2022-06-11,2025-06-14,3
Frog Hollow parkrun,Australia,2014-06-14,2025-06-14,11
Goondiwindi parkrun,Australia,2016-06-11,2025-06-14,9
"Heritage Harbor parkrun, Ottawa",United States,2017-06-10,2025-06-14,8
Jindabyne parkrun,Australia,2018-06-09,2025-06-14,7
Kashiwanoha parkrun,Japan,2019-06-08,2025-06-14,6
Lillsjön parkrun,Sweden,2022-06-11,2025-06-14,3
Long Eaton parkrun,United Kingdom,2015-06-13,2025-06-14,10
Merrymeeting parkrun,United States,2022-06-11,2025-06-14,3
Mitchelton parkrun,Australia,2013-06-08,2025-06-14,12
Mogol parkrun,South Africa,2014-06-14,2025-06-14,11
Newy parkrun,Australia,2012-06-09,2025-06-14,13
Oosterhout parkrun,Netherlands,2023-06-10,2025-06-14,2
parkrun Ekomarina,Poland,2021-06-12,2025-06-14,4
parkrun Las Aniołowski,Poland,2019-06-08,2025-06-14,6
parkrun Park Modrzewie,Poland,2021-06-12,2025-06-14,4
Queenstown parkrun,New Zealand,2018-06-09,2025-06-14,7
Redland Bay parkrun,Australia,2017-06-10,2025-06-14,8
Shellharbour parkrun,Australia,2014-06-14,2025-06-14,11
Shongweni parkrun,South Africa,2013-06-08,2025-06-14,12
Southport parkrun,United Kingdom,2016-06-11,2025-06-14,9
Springhill parkrun,United Kingdom,2018-06-09,2025-06-14,7
Thomas Mills parkrun,United Kingdom,2019-06-08,2025-06-14,6
Tilgate parkrun,United Kingdom,2012-06-09,2025-06-14,13
Tymon parkrun,Ireland,2014-06-14,2025-06-14,11
Unisee parkrun,Germany,2019-06-08,2025-06-14,6
Worcester Pitchcroft parkrun,United Kingdom,2017-06-10,2025-06-14,8
Wormwood Scrubs parkrun,United Kingdom,2011-06-11,2025-06-14,14
Worthing parkrun,United Kingdom,2016-06-11,2025-06-14,9
Aldenham parkrun,United Kingdom,2015-06-20,2025-06-21,10
Ballincollig parkrun,Ireland,2016-06-18,2025-06-21,9
Banstead Woods parkrun,United Kingdom,2007-06-16,2025-06-21,18
Bayview Road parkrun,Australia,2021-06-19,2025-06-21,4
Brundall parkrun,United Kingdom,2015-06-20,2025-06-21,10
Bug Hunter Waters parkrun,United Kingdom,2024-06-15,2025-06-21,1
Burley Griffin parkrun,Australia,2016-06-18,2025-06-21,9
Burnham and Highbridge parkrun,United Kingdom,2015-06-20,2025-06-21,10
Carine Glades parkrun,Australia,2014-06-21,2025-06-21,11
Chasewater parkrun,United Kingdom,2019-06-15,2025-06-21,6
Colby parkrun,United Kingdom,2014-06-21,2025-06-21,11
Cwmbran parkrun,United Kingdom,2016-06-18,2025-06-21,9
Delftse Hout parkrun,Netherlands,2022-06-18,2025-06-21,3
Denton Dene parkrun,United Kingdom,2023-06-17,2025-06-21,2
Dolls Point parkrun,Australia,2017-06-17,2025-06-21,8
East Coast Park parkrun,Singapore,2014-06-21,2025-06-21,11
Ebotse parkrun,South Africa,2012-06-16,2025-06-21,13
Emmerwiesen parkrun,Germany,2023-06-17,2025-06-21,2
Flaxmere parkrun,New Zealand,2019-06-15,2025-06-21,6
Frédéric Back parkrun,Canada,2017-06-17,2025-06-21,8
Fukakitaryokuchi parkrun,Japan,2019-06-15,2025-06-21,6
Gedling parkrun,United Kingdom,2015-06-20,2025-06-21,10
"Great Southern Rail Trail parkrun, Korumburra",Australia,2024-06-15,2025-06-21,1
Griffeen parkrun,Ireland,2013-06-15,2025-06-21,12
Havant parkrun,United Kingdom,2012-06-16,2025-06-21,13
Heaton parkrun,United Kingdom,2009-06-20,2025-06-21,16
Holy Cross College parkrun,United Kingdom,2019-06-15,2025-06-21,6
JFC Naples parkrun,United Kingdom,2023-06-17,2025-06-21,2
Llanishen Park parkrun,United Kingdom,2022-06-18,2025-06-21,3
"Mangawhero River Walk parkrun, Ohakune",New Zealand,2024-06-15,2025-06-21,1
Mernda parkrun,Australia,2017-06-17,2025-06-21,8
Morden parkrun,United Kingdom,2024-06-15,2025-06-21,1
North Shore parkrun,Australia,2013-06-15,2025-06-21,12
Northala Fields parkrun,United Kingdom,2014-06-21,2025-06-21,11
"Old Railway Trail parkrun, Llangollen",United Kingdom,2023-06-17,2025-06-21,2
Oldbridge parkrun,Ireland,2014-06-21,2025-06-21,11
parkrun Fort V Włochy,Poland,2023-06-17,2025-06-21,2
parkrun Lubin,Poland,2015-06-20,2025-06-21,10
parkrun Puszcza Niepołomicka,Poland,2021-06-19,2025-06-21,4
Peckham Rye parkrun,United Kingdom,2014-06-21,2025-06-21,11
Pegasus parkrun,New Zealand,2016-06-18,2025-06-21,9
Perrigo parkrun,United States,2019-06-15,2025-06-21,6
Pocket parkrun,United Kingdom,2018-06-16,2025-06-21,7
Port Sorell parkrun,Australia,2018-06-16,2025-06-21,7
"River Valley parkrun, Edmonton",Canada,2019-06-15,2025-06-21,6
Riverside Park parkrun,United States,2022-06-18,2025-06-21,3
Shingashigawa Ukima parkrun,Japan,2021-06-19,2025-06-21,4
"Victoria parkrun, Kitchener",Canada,2018-06-16,2025-06-21,7
Vryheid parkrun,South Africa,2018-06-16,2025-06-21,7
Wangaratta parkrun,Australia,2015-06-20,2025-06-21,10
Wantijpark parkrun,Netherlands,2024-06-15,2025-06-21,1
Whitley Bay parkrun,United Kingdom,2012-06-16,2025-06-21,13
Worcester parkrun,United Kingdom,2011-06-18,2025-06-21,14
Yeppoon parkrun,Australia,2017-06-17,2025-06-21,8
Yuuka Family Road parkrun,Japan,2021-06-19,2025-06-21,4
Armley parkrun,United Kingdom,2018-06-30,2025-06-28,7
Australian Botanic Garden Mount Annan parkrun,Australia,2024-06-29,2025-06-28,1
Billericay parkrun,United Kingdom,2017-06-24,2025-06-28,8
Binda Park parkrun,Australia,2024-06-29,2025-06-28,1
Bury St Edmunds parkrun,United Kingdom,2013-06-29,2025-06-28,12
Cannibals Cave parkrun,South Africa,2014-06-28,2025-06-28,11
Charleys Creek parkrun,Australia,2019-06-29,2025-06-28,6
Cheadle Hulme parkrun,United Kingdom,2014-06-28,2025-06-28,11
Churchill Parkway parkrun,Canada,2019-06-29,2025-06-28,6
Clumber Park parkrun,United Kingdom,2013-06-29,2025-06-28,12
Colwick parkrun,United Kingdom,2011-06-25,2025-06-28,14
Cotsford Fields parkrun,United Kingdom,2018-06-23,2025-06-28,7
Derry City parkrun,United Kingdom,2013-06-29,2025-06-28,12
Dewsbury parkrun,United Kingdom,2012-06-23,2025-06-28,13
Durham NC parkrun,United States,2013-06-29,2025-06-28,12
Eramosa River Trail parkrun,Canada,2019-06-22,2025-06-28,6
Gladstone parkrun,United Kingdom,2012-06-30,2025-06-28,13
Gladstone QLD parkrun,Australia,2013-06-22,2025-06-28,12
Great Notley parkrun,United Kingdom,2014-06-28,2025-06-28,11
Hastings Foreshore parkrun,Australia,2014-06-28,2025-06-28,11
Hillsborough Forest parkrun,United Kingdom,2021-06-26,2025-06-28,4
Jells parkrun,Australia,2015-06-27,2025-06-28,10
Kidds Beach parkrun,South Africa,2013-06-29,2025-06-28,12
Lanseria parkrun,South Africa,2017-06-24,2025-06-28,8
Leakin Park parkrun,United States,2017-06-24,2025-06-28,8
Lightning Ridge parkrun,Australia,2024-06-22,2025-06-28,1
Littleport parkrun,United Kingdom,2018-06-23,2025-06-28,7
Logan River parkrun,Australia,2013-06-29,2025-06-28,12
Mildenhall Hub parkrun,United Kingdom,2022-06-25,2025-06-28,3
Millfield parkrun,United Kingdom,2019-06-22,2025-06-28,6
Mount Helena parkrun,Australia,2018-06-23,2025-06-28,7
Narin Beach parkrun,Ireland,2019-06-22,2025-06-28,6
Newborough Forest parkrun,United Kingdom,2018-06-23,2025-06-28,7
Ormeau parkrun,United Kingdom,2013-06-22,2025-06-28,12
parkrun Chełm,Poland,2018-06-30,2025-06-28,7
parkrun Las Klasztorny,Poland,2023-06-24,2025-06-28,2
parkrun Łódź,Poland,2012-06-30,2025-06-28,13
"parkrun Park Miejski, Wejherowo",Poland,2019-06-22,2025-06-28,6
parkrun Zamek w Malborku,Poland,2019-06-29,2025-06-28,6
Penallta parkrun,United Kingdom,2015-06-27,2025-06-28,10
Port Augusta parkrun,Australia,2018-06-23,2025-06-28,7
Puarenga parkrun,New Zealand,2016-06-25,2025-06-28,9
"Queen Elizabeth parkrun, Casino",Australia,2019-06-22,2025-06-28,6
Riemer parkrun,Germany,2019-06-29,2025-06-28,6
River Oaks parkrun,Canada,2018-06-23,2025-06-28,7
St Mary’s parkrun,United Kingdom,2019-06-29,2025-06-28,6
Waterstown parkrun,Ireland,2014-06-28,2025-06-28,11
Westville parkrun,South Africa,2018-06-30,2025-06-28,7
Whitehaven parkrun,United Kingdom,2018-06-30,2025-06-28,7
Workington parkrun,United Kingdom,2013-06-22,2025-06-28,12
Alderley Park parkrun,United Kingdom,2022-07-02,2025-07-05,3
Atherton parkrun,Australia,2016-07-02,2025-07-05,9
Aveley parkrun,Australia,2013-07-06,2025-07-05,12
Basingstoke parkrun,United Kingdom,2008-07-05,2025-07-05,17
Castleblayney parkrun,Ireland,2015-07-04,2025-07-05,10
Cobram parkrun,Australia,2016-07-02,2025-07-05,9
Dorset Recreation Reserve parkrun,Australia,2021-07-03,2025-07-05,4
Dunfermline parkrun,United Kingdom,2015-07-04,2025-07-05,10
Henley-on-Thames parkrun,United Kingdom,2017-07-01,2025-07-05,8
Lee-on-the-Solent parkrun,United Kingdom,2015-07-04,2025-07-05,10
Malling Rec parkrun,United Kingdom,2024-07-06,2025-07-05,1
Malmesbury parkrun,South Africa,2017-07-01,2025-07-05,8
Mountlucas parkrun,Ireland,2017-07-01,2025-07-05,8
parkrun Błonie,Poland,2021-07-03,2025-07-05,4
parkrun Bulwar nad Wisłą,Poland,2021-07-03,2025-07-05,4
parkrun Grodzisk Mazowiecki,Poland,2017-07-01,2025-07-05,8
parkrun Jelenia Góra,Poland,2015-07-04,2025-07-05,10
Porirua parkrun,New Zealand,2013-07-06,2025-07-05,12
Riddlesdown parkrun,United Kingdom,2011-07-02,2025-07-05,14
Sheriff Creek Wildlife Sanctuary parkrun,Canada,2024-07-06,2025-07-05,1
Sherwood Reserve parkrun,New Zealand,2021-07-03,2025-07-05,4
Southampton parkrun,United Kingdom,2012-07-07,2025-07-05,13
St Helens parkrun,United Kingdom,2014-07-05,2025-07-05,11
"Stewart parkrun, Middlesbrough",United Kingdom,2012-07-07,2025-07-05,13
Strathalbyn parkrun,Australia,2016-07-02,2025-07-05,9
Tewkesbury parkrun,United Kingdom,2015-07-04,2025-07-05,10
The Glen parkrun,Ireland,2018-07-07,2025-07-05,7
Town Beach parkrun,Australia,2023-07-01,2025-07-05,2
Whanganui Riverbank parkrun,New Zealand,2020-07-04,2025-07-05,5
Woy Woy parkrun,Australia,2018-07-07,2025-07-05,7
Alby Gård parkrun,Norway,2024-07-13,2025-07-12,1
Ambleside parkrun,Canada,2022-07-09,2025-07-12,3
Arrow Valley parkrun,United Kingdom,2012-07-14,2025-07-12,13
Ballinamore Greenway parkrun,Ireland,2022-07-09,2025-07-12,3
Beverley Westwood parkrun,United Kingdom,2019-07-13,2025-07-12,6
Birchwood Trails parkrun,Canada,2023-07-08,2025-07-12,2
Blackhill parkrun,United Kingdom,2013-07-13,2025-07-12,12
Blenheim parkrun,New Zealand,2016-07-09,2025-07-12,9
Cape Agulhas parkrun,South Africa,2023-07-08,2025-07-12,2
Chester parkrun,United Kingdom,2016-07-09,2025-07-12,9
Cormorant Bay parkrun,Australia,2018-07-14,2025-07-12,7
Dinton Pastures parkrun,United Kingdom,2018-07-14,2025-07-12,7
Dubbo parkrun,Australia,2015-07-11,2025-07-12,10
Endcliffe parkrun,United Kingdom,2010-07-10,2025-07-12,15
Gatton parkrun,Australia,2013-07-13,2025-07-12,12
Gawler parkrun,Australia,2017-07-08,2025-07-12,8
Gordon Spratt Reserve parkrun,New Zealand,2023-07-08,2025-07-12,2
Guild parkrun,United Kingdom,2024-07-13,2025-07-12,1
Hove Promenade parkrun,United Kingdom,2015-07-11,2025-07-12,10
Kennington Reservoir parkrun,Australia,2015-07-11,2025-07-12,10
Linwood parkrun,United Kingdom,2016-07-09,2025-07-12,9
Lymington Woodside parkrun,United Kingdom,2016-07-09,2025-07-12,9
Montrose parkrun,United Kingdom,2017-07-08,2025-07-12,8
Mthatha parkrun,South Africa,2019-07-13,2025-07-12,6
Noosa parkrun,Australia,2014-07-12,2025-07-12,11
"parkrun Ogród Saski, Lublin",Poland,2019-07-13,2025-07-12,6
"parkrun Park Jana Pawła II, Rymanów-Zdrój",Poland,2023-07-08,2025-07-12,2
Peace Valley parkrun,United States,2021-07-10,2025-07-12,4
Phillip Island parkrun,Australia,2015-07-11,2025-07-12,10
Pittsworth parkrun,Australia,2014-07-12,2025-07-12,11
Prießnitzgrund parkrun,Germany,2022-07-09,2025-07-12,3
Riverside parkrun,United Kingdom,2012-07-14,2025-07-12,13
"Riverside parkrun, Grand Rapids",United States,2023-07-08,2025-07-12,2
Skien Fritidspark parkrun,Norway,2022-07-09,2025-07-12,3
South Norwood parkrun,United Kingdom,2017-07-08,2025-07-12,8
St Francis parkrun,South Africa,2013-07-13,2025-07-12,12
Tinley Manor parkrun,South Africa,2017-07-08,2025-07-12,8
University of Northampton parkrun,United Kingdom,2023-07-08,2025-07-12,2
Wauchope parkrun,Australia,2016-07-09,2025-07-12,9
"Y Promenâd parkrun, Abermaw",United Kingdom,2024-07-13,2025-07-12,1
Andover parkrun,United Kingdom,2011-07-16,2025-07-19,14
Armidale parkrun,Australia,2014-07-19,2025-07-19,11
Birkenhead parkrun,United Kingdom,2015-07-18,2025-07-19,10
Black Park parkrun,United Kingdom,2009-07-18,2025-07-19,16
Bryn Bach parkrun,United Kingdom,2012-07-21,2025-07-19,13
Burnage parkrun,United Kingdom,2012-07-21,2025-07-19,13
"Chippenham Playing Fields parkrun, Monmouth",United Kingdom,2022-07-16,2025-07-19,3
Clair parkrun,United Kingdom,2013-07-20,2025-07-19,12
Coler Mountain Bike Preserve parkrun,United States,2022-07-16,2025-07-19,3
Cyclopark parkrun,United Kingdom,2019-07-20,2025-07-19,6
Dereham parkrun,United Kingdom,2024-07-20,2025-07-19,1
Durbanville parkrun,South Africa,2015-07-18,2025-07-19,10
Fairview parkrun,Ireland,2017-07-15,2025-07-19,8
Falkirk parkrun,United Kingdom,2011-07-16,2025-07-19,14
Foots Cray Meadows parkrun,United Kingdom,2018-07-21,2025-07-19,7
Geeveston parkrun,Australia,2018-07-21,2025-07-19,7
Greenpoint parkrun,South Africa,2013-07-20,2025-07-19,12
Hazyview parkrun,South Africa,2017-07-15,2025-07-19,8
Herrington Country parkrun,United Kingdom,2019-07-20,2025-07-19,6
Hoblingwell parkrun,United Kingdom,2017-07-15,2025-07-19,8
Holyrood parkrun,United Kingdom,2022-07-16,2025-07-19,3
Killarney House parkrun,Ireland,2019-07-20,2025-07-19,6
Kingsbury Water parkrun,United Kingdom,2013-07-20,2025-07-19,12
Linford Wood parkrun,United Kingdom,2016-07-16,2025-07-19,9
Little Sugar Creek Greenway parkrun,United States,2022-07-16,2025-07-19,3
"Mansfield parkrun, Queensland",Australia,2017-07-15,2025-07-19,8
Manzini parkrun,South Africa,2022-07-16,2025-07-19,3
Mattheiser Weiher parkrun,Germany,2023-07-15,2025-07-19,2
McLean Beach parkrun,Australia,2021-07-17,2025-07-19,4
Meadowbrook parkrun,Australia,2016-07-16,2025-07-19,9
Oakwell Hall parkrun,United Kingdom,2014-07-19,2025-07-19,11
Osborn MetroPark parkrun,United States,2022-07-16,2025-07-19,3
Pallara parkrun,Australia,2018-07-21,2025-07-19,7
parkrun Kalisz,Poland,2016-07-16,2025-07-19,9
parkrun Skierniewice,Poland,2015-07-18,2025-07-19,10
parkrun Świnoujście,Poland,2016-07-16,2025-07-19,9
Piggly Wiggly parkrun,South Africa,2014-07-19,2025-07-19,11
Renmark parkrun,Australia,2016-07-16,2025-07-19,9
Roundshaw Downs parkrun,United Kingdom,2009-07-18,2025-07-19,16
Severn Valley Country parkrun,United Kingdom,2019-07-20,2025-07-19,6
Shibamata koen kadan parkrun,Japan,2024-07-20,2025-07-19,1
Sixmilewater parkrun,United Kingdom,2019-07-20,2025-07-19,6
Sportpark Rems parkrun,Germany,2021-07-17,2025-07-19,4
The Plens parkrun,United Kingdom,2024-07-20,2025-07-19,1
Three Brooks parkrun,United Kingdom,2024-07-20,2025-07-19,1
Umbagong District parkrun,Australia,2022-07-16,2025-07-19,3
Wells Estate parkrun,South Africa,2018-07-21,2025-07-19,7
Wertwiesen parkrun,Germany,2023-07-15,2025-07-19,2
Ashington Community Woodland parkrun,United Kingdom,2023-07-22,2025-07-26,2
Barking parkrun,United Kingdom,2012-07-28,2025-07-26,13
Bathurst parkrun,Australia,2016-07-30,2025-07-26,9
Bethlehem parkrun,South Africa,2017-07-29,2025-07-26,8
Blandford parkrun,United Kingdom,2014-07-26,2025-07-26,11
Broken Hill Racecourse parkrun,Australia,2019-07-27,2025-07-26,6
Brueton parkrun,United Kingdom,2010-07-24,2025-07-26,15
Burnham-on-Crouch parkrun,United Kingdom,2017-07-22,2025-07-26,8
"Central parkrun, Burnaby",Canada,2019-07-27,2025-07-26,6
Chilton Fields parkrun,United Kingdom,2021-07-24,2025-07-26,4
Christies Beach parkrun,Australia,2016-07-30,2025-07-26,9
Cleland parkrun,Australia,2017-07-22,2025-07-26,8
Coomera parkrun,Australia,2012-07-28,2025-07-26,13
Cornwall Park parkrun,New Zealand,2012-07-28,2025-07-26,13
Danehy Park parkrun,United States,2021-07-24,2025-07-26,4
Dartford parkrun,United Kingdom,2014-07-26,2025-07-26,11
"Dishley parkrun, Loughborough",United Kingdom,2018-07-28,2025-07-26,7
Drumpellier Country parkrun,United Kingdom,2019-07-27,2025-07-26,6
Dusi parkrun,South Africa,2013-07-27,2025-07-26,12
Ecco Ripley parkrun,Australia,2021-07-24,2025-07-26,4
Ferryvale parkrun,South Africa,2019-07-27,2025-07-26,6
Frank Keenan Reserve parkrun,Australia,2022-07-30,2025-07-26,3
Garvagh Forest parkrun,United Kingdom,2021-07-31,2025-07-26,4
Girvan Prom parkrun,United Kingdom,2018-07-28,2025-07-26,7
"Grovelands parkrun, Enfield",United Kingdom,2010-07-24,2025-07-26,15
ITC Community Sports parkrun,United States,2023-07-22,2025-07-26,2
Keppel parkrun,United Kingdom,2018-07-28,2025-07-26,7
Maesteg parkrun,United Kingdom,2017-07-22,2025-07-26,8
Maryborough parkrun,Australia,2015-07-25,2025-07-26,10
Melkbosstrand parkrun,South Africa,2018-07-28,2025-07-26,7
Mensola parkrun,Italy,2021-07-31,2025-07-26,4
Mofolo parkrun,South Africa,2015-07-25,2025-07-26,10
Nantu Wama parkrun,Australia,2022-07-30,2025-07-26,3
Nostell parkrun,United Kingdom,2014-07-26,2025-07-26,11
Oldham parkrun,United Kingdom,2010-07-24,2025-07-26,15
parkrun Gdańsk-Południe,Poland,2016-07-30,2025-07-26,9
parkrun Poznań,Poland,2012-07-28,2025-07-26,13
Pirrama parkrun,Australia,2024-07-27,2025-07-26,1
River Valley parkrun,Ireland,2016-07-23,2025-07-26,9
Rothwell parkrun,United Kingdom,2017-07-29,2025-07-26,8
Seaview parkrun,Australia,2024-07-27,2025-07-26,1
SHAPE parkrun,United Kingdom,2023-07-29,2025-07-26,2
Stonehouse parkrun,United Kingdom,2016-07-23,2025-07-26,9
Storeys Field parkrun,United Kingdom,2021-07-31,2025-07-26,4
Tawd Valley parkrun,United Kingdom,2019-07-27,2025-07-26,6
Teifi Marshes Nature Reserve parkrun,United Kingdom,2023-07-22,2025-07-26,2
University of Western Australia parkrun,Australia,2022-07-30,2025-07-26,3
Victoria Lake parkrun,South Africa,2016-07-23,2025-07-26,9
Weipa parkrun,Australia,2016-07-23,2025-07-26,9
Welland Canals Trail parkrun,Canada,2024-07-27,2025-07-26,1
Wes Mitchell Park parkrun,Australia,2023-07-29,2025-07-26,2
Westbury Town Common parkrun,Australia,2022-07-30,2025-07-26,3
Westmill parkrun,United Kingdom,2017-07-22,2025-07-26,8
Winthrop Trailhead parkrun,United States,2022-07-23,2025-07-26,3
Withernsea Promenade parkrun,United Kingdom,2024-07-27,2025-07-26,1
Amanzimtoti parkrun,South Africa,2014-08-02,2025-08-02,11
Ashburton Domain parkrun,New Zealand,2024-08-03,2025-08-02,1
Babbs Mill parkrun,United Kingdom,2019-08-03,2025-08-02,6
Bells Parade parkrun,Australia,2022-08-06,2025-08-02,3
Blackbutt parkrun,Australia,2013-08-03,2025-08-02,12
Bredasdorp parkrun,South Africa,2018-08-04,2025-08-02,7
"Bugasee parkrun, Kassel",Germany,2019-08-03,2025-08-02,6
Chelsea Bicentennial parkrun,Australia,2016-08-06,2025-08-02,9
Chichester parkrun,United Kingdom,2014-08-02,2025-08-02,11
Claisebrook Cove parkrun,Australia,2012-08-04,2025-08-02,13
Coal Creek Trail parkrun,United States,2024-08-03,2025-08-02,1
Collie River Trail parkrun,Australia,2019-08-03,2025-08-02,6
Exeter Riverside parkrun,United Kingdom,2014-08-02,2025-08-02,11
Ferry Meadows parkrun,United Kingdom,2013-08-03,2025-08-02,12
Fleetwood Promenade parkrun,United Kingdom,2018-08-04,2025-08-02,7
Greenbank parkrun,Australia,2017-08-05,2025-08-02,8
Harmony Boulevard parkrun,Australia,2023-08-05,2025-08-02,2
Harwich parkrun,United Kingdom,2015-08-01,2025-08-02,10
Hillside parkrun,South Africa,2017-08-05,2025-08-02,8
Holbrooks parkrun,United Kingdom,2023-08-05,2025-08-02,2
Hopkins Land parkrun,South Africa,2023-08-05,2025-08-02,2
Horspath parkrun,United Kingdom,2021-08-07,2025-08-02,4
Limepark Playing Fields parkrun,United Kingdom,2022-08-06,2025-08-02,3
Mundy parkrun,Canada,2019-08-03,2025-08-02,6
Northallerton parkrun,United Kingdom,2015-08-01,2025-08-02,10
Norwich parkrun,United Kingdom,2010-08-07,2025-08-02,15
Orangefield parkrun,United Kingdom,2018-08-04,2025-08-02,7
Oranmore parkrun,Ireland,2016-08-06,2025-08-02,9
Pakapakanthi parkrun,Australia,2018-08-04,2025-08-02,7
parkrun Zielona Góra,Poland,2018-08-04,2025-08-02,7
Patawalonga River parkrun,Australia,2021-08-07,2025-08-02,4
Rooi Point Farm parkrun,South Africa,2023-08-05,2025-08-02,2
Ross-on-Wye parkrun,United Kingdom,2019-08-03,2025-08-02,6
Sheffield Castle parkrun,United Kingdom,2013-08-03,2025-08-02,12
Strathcona Island parkrun,Canada,2019-08-03,2025-08-02,6
Victor Harbor parkrun,Australia,2014-08-02,2025-08-02,11
Wascana parkrun,Canada,2018-08-04,2025-08-02,7
Woodgate Valley Country Park parkrun,United Kingdom,2021-08-07,2025-08-02,4
Wycombe Rye parkrun,United Kingdom,2012-08-04,2025-08-02,13
Wythenshawe parkrun,United Kingdom,2011-08-06,2025-08-02,14
Barton Trail parkrun,Canada,2021-08-14,2025-08-09,4
Butter Trail parkrun,Canada,2023-08-12,2025-08-09,2
"Carlisle Park parkrun, Morpeth",United Kingdom,2021-08-14,2025-08-09,4
"Citypark parkrun, Craigavon",United Kingdom,2012-08-11,2025-08-09,13
Clover Point parkrun,Canada,2017-08-12,2025-08-09,8
Corner Brook Stream Trail parkrun,Canada,2023-08-12,2025-08-09,2
Druridge Bay parkrun,United Kingdom,2014-08-09,2025-08-09,11
Durham parkrun,United Kingdom,2011-08-13,2025-08-09,14
Edgbaston Reservoir parkrun,United Kingdom,2021-08-14,2025-08-09,4
Ford parkrun,United Kingdom,2018-08-11,2025-08-09,7
Golden Harvest parkrun,South Africa,2015-08-08,2025-08-09,10
Hellbrunn parkrun,Austria,2021-08-14,2025-08-09,4
Hockgraben parkrun,Germany,2021-08-14,2025-08-09,4
Lanark Moor parkrun,United Kingdom,2018-08-11,2025-08-09,7
Loch Leven parkrun,United Kingdom,2018-08-11,2025-08-09,7
Lynnfield parkrun,South Africa,2023-08-12,2025-08-09,2
Minehead parkrun,United Kingdom,2016-08-13,2025-08-09,9
Onderstepoort Campus parkrun,South Africa,2023-08-12,2025-08-09,2
parkrun Działdowo,Poland,2017-08-12,2025-08-09,8
parkrun Toruń,Poland,2015-08-08,2025-08-09,10
PE Hobie Beach parkrun,South Africa,2013-08-10,2025-08-09,12
Red Point Church parkrun,South Africa,2023-08-12,2025-08-09,2
Severn Bridge parkrun,United Kingdom,2018-08-11,2025-08-09,7
Skatås parkrun,Sweden,2017-08-12,2025-08-09,8
Skinadin parkrun,United Kingdom,2024-08-10,2025-08-09,1
Sudbury parkrun,United Kingdom,2019-08-10,2025-08-09,6
Tamworth Wetlands parkrun,Australia,2018-08-11,2025-08-09,7
Torquay parkrun,Australia,2017-08-12,2025-08-09,8
Umfolozi parkrun,South Africa,2018-08-11,2025-08-09,7
"Valley parkrun, Newtownabbey",United Kingdom,2014-08-09,2025-08-09,11
Windhoek parkrun,South Africa,2019-08-10,2025-08-09,6
Wishart parkrun,Australia,2014-08-09,2025-08-09,11
Woodthorpe parkrun,United Kingdom,2024-08-10,2025-08-09,1
Aberfields parkrun,United Kingdom,2023-08-19,2025-08-16,2
Alberts Farm parkrun,South Africa,2014-08-16,2025-08-16,11
Aldinga Beach parkrun,Australia,2017-08-19,2025-08-16,8
Ankerskogen parkrun,Norway,2024-08-17,2025-08-16,1
Atlasville parkrun,South Africa,2018-08-18,2025-08-16,7
Breakwater parkrun,Canada,2019-08-17,2025-08-16,6
Brimbank parkrun,Australia,2017-08-19,2025-08-16,8
Burswood Peninsula parkrun,Australia,2018-08-18,2025-08-16,7
Delaware and Raritan Canal parkrun,United States,2018-08-18,2025-08-16,7
Dungannon Park parkrun,United Kingdom,2018-08-18,2025-08-16,7
Ernest Ullmann parkrun,South Africa,2017-08-19,2025-08-16,8
Folkestone parkrun,United Kingdom,2014-08-16,2025-08-16,11
Ganavan Sands parkrun,United Kingdom,2016-08-20,2025-08-16,9
Grove Fields parkrun,United Kingdom,2021-08-21,2025-08-16,4
"Hazlehead parkrun, Aberdeen",United Kingdom,2014-08-16,2025-08-16,11
"Higginson parkrun, Marlow",United Kingdom,2018-08-18,2025-08-16,7
Huddinge parkrun,Sweden,2017-08-19,2025-08-16,8
Jakes Point parkrun,Australia,2023-08-19,2025-08-16,2
Koster parkrun,South Africa,2018-08-18,2025-08-16,7
Lavender Mill parkrun,South Africa,2023-08-19,2025-08-16,2
Leazes parkrun,United Kingdom,2019-08-17,2025-08-16,6
Meningie parkrun,Australia,2018-08-18,2025-08-16,7
Okanagan parkrun,Canada,2016-08-20,2025-08-16,9
Old Deer Park parkrun,United Kingdom,2010-08-21,2025-08-16,15
Risdon Brook parkrun,Australia,2014-08-16,2025-08-16,11
Sandy Water parkrun,United Kingdom,2021-08-21,2025-08-16,4
Seacliff Esplanade parkrun,Australia,2018-08-18,2025-08-16,7
Sonsbeek parkrun,Netherlands,2021-08-21,2025-08-16,4
Springbok parkrun,South Africa,2016-08-20,2025-08-16,9
Sutton Park parkrun,United Kingdom,2018-08-18,2025-08-16,7
The Old Showfield parkrun,United Kingdom,2019-08-17,2025-08-16,6
Torvean parkrun,United Kingdom,2021-08-21,2025-08-16,4
Växjösjön parkrun,Sweden,2019-08-17,2025-08-16,6
Willow parkrun,Australia,2018-08-18,2025-08-16,7
Wisbech parkrun,United Kingdom,2023-08-19,2025-08-16,2
Woking parkrun,United Kingdom,2014-08-16,2025-08-16,11
Alness parkrun,United Kingdom,2017-08-26,2025-08-23,8
Balyang Sanctuary parkrun,Australia,2012-08-25,2025-08-23,13
Beaufort Lake parkrun,Australia,2022-08-27,2025-08-23,3
Bournemouth parkrun,United Kingdom,2013-08-24,2025-08-23,12
"Cannon Hill parkrun, Birmingham",United Kingdom,2010-08-28,2025-08-23,15
Chermside parkrun,Australia,2015-08-22,2025-08-23,10
Chevin Forest parkrun,United Kingdom,2021-08-28,2025-08-23,4
Eastern Gardens parkrun,Australia,2018-08-25,2025-08-23,7
Edenvale parkrun,South Africa,2018-08-25,2025-08-23,7
Haga parkrun,Sweden,2016-08-27,2025-08-23,9
Hervey Bay parkrun,Australia,2014-08-23,2025-08-23,11
Hilltop parkrun,United Kingdom,2018-08-25,2025-08-23,7
Hoedspruit parkrun,South Africa,2017-08-26,2025-08-23,8
Howard Temin Lakeshore Path parkrun,United States,2019-08-24,2025-08-23,6
Lake2Lake Trail parkrun,New Zealand,2022-08-27,2025-08-23,3
Lancing Beach Green parkrun,United Kingdom,2018-08-25,2025-08-23,7
Langebaan parkrun,South Africa,2015-08-22,2025-08-23,10
Living Colour parkrun,South Africa,2022-08-27,2025-08-23,3
Maribyrnong parkrun,Australia,2014-08-23,2025-08-23,11
Millennium parkrun,Canada,2023-08-26,2025-08-23,2
Morrinsville Recreation Ground parkrun,New Zealand,2024-08-24,2025-08-23,1
Mt Clarence parkrun,Australia,2014-08-23,2025-08-23,11
Mura di Lucca parkrun,Italy,2018-08-25,2025-08-23,7
Nant y Pandy parkrun,United Kingdom,2018-08-25,2025-08-23,7
Newport Lakes parkrun,Australia,2017-08-26,2025-08-23,8
Oak Hill parkrun,United Kingdom,2011-08-27,2025-08-23,14
Palacerigg Country parkrun,United Kingdom,2022-08-27,2025-08-23,3
parkrun Gostyń,Poland,2015-08-22,2025-08-23,10
parkrun Jabłonna,Poland,2016-08-27,2025-08-23,9
parkrun Las Dębiński,Poland,2021-08-28,2025-08-23,4
parkrun Las Malcanów,Poland,2024-08-24,2025-08-23,1
parkrun Lasek Marceliński,Poland,2021-08-28,2025-08-23,4
Poolbeg parkrun,Ireland,2017-08-26,2025-08-23,8
Port Lincoln parkrun,Australia,2017-08-26,2025-08-23,8
Roosevelt Island DC parkrun,United States,2016-08-27,2025-08-23,9
Schoterbos parkrun,Netherlands,2021-08-28,2025-08-23,4
Shipwreck parkrun,Australia,2018-08-25,2025-08-23,7
Singleton parkrun,Australia,2014-08-23,2025-08-23,11
Sizewell parkrun,United Kingdom,2018-08-25,2025-08-23,7
Tøyen parkrun,Norway,2017-08-26,2025-08-23,8
Weltevrede Wine Estate parkrun,South Africa,2022-08-27,2025-08-23,3
Wilson Botanic parkrun,Australia,2016-08-27,2025-08-23,9
"Wimmera River parkrun, Horsham",Australia,2018-08-25,2025-08-23,7
Woodbank parkrun,United Kingdom,2009-08-22,2025-08-23,16
Wynyard Foreshore parkrun,Australia,2018-08-25,2025-08-23,7
Alderford Lake parkrun,United Kingdom,2019-08-31,2025-08-30,6
Bere Island parkrun,Ireland,2014-08-30,2025-08-30,11
Bill Rose Sports Complex parkrun,Australia,2019-08-31,2025-08-30,6
Bromley parkrun,United Kingdom,2009-08-29,2025-08-30,16
Cairns parkrun,Australia,2013-08-31,2025-08-30,12
Capalaba parkrun,Australia,2014-08-30,2025-08-30,11
Crinan Canal parkrun,United Kingdom,2024-08-31,2025-08-30,1
Dean Castle Country Park parkrun,United Kingdom,2019-08-31,2025-08-30,6
Harris Avenue parkrun,Australia,2019-08-31,2025-08-30,6
Lake Joondalup parkrun,Australia,2014-08-30,2025-08-30,11
Maldon Prom parkrun,United Kingdom,2013-08-31,2025-08-30,12
Mallards Pike parkrun,United Kingdom,2019-08-31,2025-08-30,6
Osterley parkrun,United Kingdom,2013-08-31,2025-08-30,12
parkrun Szczecin,Poland,2015-08-29,2025-08-30,10
Stormont parkrun,United Kingdom,2015-08-29,2025-08-30,10
"Stratford Park parkrun, Stroud",United Kingdom,2019-08-31,2025-08-30,6
Weymouth parkrun,United Kingdom,2013-08-31,2025-08-30,12
Witton parkrun,United Kingdom,2015-08-29,2025-08-30,10
Wyre Forest parkrun,United Kingdom,2015-08-29,2025-08-30,10
Aberystwyth parkrun,United Kingdom,2012-09-01,2025-09-06,13
Blue Gum Hills parkrun,Australia,2014-09-06,2025-09-06,11
Bower Park parkrun,United Kingdom,2021-09-04,2025-09-06,4
Brauhaus Afrika parkrun,South Africa,2022-09-03,2025-09-06,3
Broadbeach Waters parkrun,Australia,2014-09-06,2025-09-06,11
"Deerpark Forest parkrun, Virginia",Ireland,2019-09-07,2025-09-06,6
Drumblade parkrun,South Africa,2018-09-01,2025-09-06,7
Hanmer Forest parkrun,New Zealand,2024-09-07,2025-09-06,1
Harayama koen parkrun,Japan,2022-09-03,2025-09-06,3
Hazelmere Dam parkrun,South Africa,2023-09-02,2025-09-06,2
Heijo kyuseki Rekishi koen parkrun,Japan,2022-09-03,2025-09-06,3
Horsham parkrun,United Kingdom,2014-09-06,2025-09-06,11
Inverell parkrun,Australia,2017-09-02,2025-09-06,8
Jerrabomberra Mountain Reserve parkrun,Australia,2022-09-03,2025-09-06,3
Landesgartenschau Park parkrun,Germany,2021-09-04,2025-09-06,4
Lieberwalt Farm parkrun,South Africa,2023-09-02,2025-09-06,2
Lochiel parkrun,Australia,2015-09-05,2025-09-06,10
Marina parkrun,Australia,2019-09-07,2025-09-06,6
Milford Waterfront parkrun,United Kingdom,2019-09-07,2025-09-06,6
Moorbek parkrun,Germany,2024-09-07,2025-09-06,1
Mount Stuart parkrun,United Kingdom,2019-09-07,2025-09-06,6
Moussette parkrun,Canada,2021-09-04,2025-09-06,4
Mtunzini parkrun,South Africa,2022-09-03,2025-09-06,3
Mudjimba Beach parkrun,Australia,2018-09-01,2025-09-06,7
Nose Hill parkrun,Canada,2016-09-03,2025-09-06,9
parkrun Dąbrówka,Poland,2017-09-02,2025-09-06,8
parkrun Szczecinek,Poland,2013-09-07,2025-09-06,12
parkrun Zalew Łęg,Poland,2024-09-07,2025-09-06,1
Pirates Sport Club parkrun,South Africa,2023-09-02,2025-09-06,2
Progression parkrun,Ireland,2018-09-01,2025-09-06,7
Robelle Domain parkrun,Australia,2022-09-03,2025-09-06,3
Rock Creek Trail parkrun,United States,2019-09-07,2025-09-06,6
Serengeti Estate parkrun,South Africa,2024-09-07,2025-09-06,1
Sharpham Road Playing Fields parkrun,United Kingdom,2021-09-04,2025-09-06,4
Skipton parkrun,United Kingdom,2013-09-07,2025-09-06,12
Southwark parkrun,United Kingdom,2013-09-07,2025-09-06,12
Southwick Country parkrun,United Kingdom,2011-09-03,2025-09-06,14
Spanish Banks Beach parkrun,Canada,2024-09-07,2025-09-06,1
St George’s parkrun,South Africa,2024-09-07,2025-09-06,1
"Stadtpark parkrun, Chemnitz",Germany,2024-09-07,2025-09-06,1
Thorp Perrow parkrun,United Kingdom,2023-09-02,2025-09-06,2
Velskoendraai parkrun,South Africa,2023-09-02,2025-09-06,2
Wagga parkrun,Australia,2017-09-02,2025-09-06,8
Warner Lakes parkrun,Australia,2015-09-05,2025-09-06,10
Warwick parkrun,Australia,2013-09-07,2025-09-06,12
Wataraseyusuichi parkrun,Japan,2019-09-07,2025-09-06,6
Wezenlanden parkrun,Netherlands,2024-09-07,2025-09-06,1
Whakatane Gardens parkrun,New Zealand,2022-09-03,2025-09-06,3
Wilson Inlet Heritage Trail parkrun,Australia,2023-09-02,2025-09-06,2
"Zuiderpark parkrun, Den Haag",Netherlands,2021-09-04,2025-09-06,4
Bega parkrun,Australia,2015-09-12,2025-09-13,10
Brandkop parkrun,South Africa,2019-09-14,2025-09-13,6
Brierley Forest parkrun,United Kingdom,2016-09-10,2025-09-13,9
Buncrana parkrun,Ireland,2017-09-09,2025-09-13,8
Byxbee parkrun,United States,2019-09-14,2025-09-13,6
Damhusengen parkrun,Denmark,2021-09-11,2025-09-13,4
Dover Waterfront parkrun,United Kingdom,2023-09-09,2025-09-13,2
Dreiländergarten parkrun,Germany,2021-09-11,2025-09-13,4
East Grinstead parkrun,United Kingdom,2017-09-09,2025-09-13,8
Ebenberg parkrun,Germany,2023-09-09,2025-09-13,2
Evergreen parkrun,United States,2022-09-10,2025-09-13,3
Fethard Town parkrun,Ireland,2022-09-10,2025-09-13,3
Five Wells parkrun,United Kingdom,2024-09-14,2025-09-13,1
Hilly Fields parkrun,United Kingdom,2012-09-08,2025-09-13,13
Inverloch parkrun,Australia,2014-09-13,2025-09-13,11
Ipswich parkrun,United Kingdom,2012-09-08,2025-09-13,13
Jessiefield parkrun,United Kingdom,2024-09-14,2025-09-13,1
"King George V Playing Field parkrun, Cheltenham",United Kingdom,2019-09-14,2025-09-13,6
King’s Lynn parkrun,United Kingdom,2011-09-10,2025-09-13,14
Lahden satama parkrun,Finland,2022-09-10,2025-09-13,3
Mallow Castle parkrun,Ireland,2021-09-11,2025-09-13,4
"Manor Field parkrun, Whittlesey",United Kingdom,2018-09-08,2025-09-13,7
Mungret parkrun,Ireland,2018-09-08,2025-09-13,7
North Wollongong parkrun,Australia,2017-09-09,2025-09-13,8
Oyodogawa shiminryokuchi parkrun,Japan,2019-09-14,2025-09-13,6
parkrun Kościan,Poland,2017-09-09,2025-09-13,8
"parkrun Park Miejski, Łowicz",Poland,2022-09-10,2025-09-13,3
parkrun Park Radolińskich,Poland,2021-09-11,2025-09-13,4
"parkrun Szubianki, Zagórów",Poland,2019-09-14,2025-09-13,6
parkrun Żary,Poland,2013-09-14,2025-09-13,12
parkrun Zielony Jar,Poland,2022-09-10,2025-09-13,3
Peel parkrun,United Kingdom,2021-09-11,2025-09-13,4
Pokkinen parkrun,Finland,2021-09-11,2025-09-13,4
Porch Field parkrun,Ireland,2021-09-11,2025-09-13,4
Portrush parkrun,United Kingdom,2012-09-08,2025-09-13,13
Quakers Walk parkrun,United Kingdom,2023-09-09,2025-09-13,2
Reading parkrun,United Kingdom,2009-09-12,2025-09-13,16
Salmon Creek Trail parkrun,United States,2024-09-14,2025-09-13,1
Samford Parklands parkrun,Australia,2024-09-14,2025-09-13,1
Sheep River parkrun,Canada,2023-09-09,2025-09-13,2
Somerset West parkrun,South Africa,2016-09-10,2025-09-13,9
Squerryes Winery parkrun,United Kingdom,2019-09-14,2025-09-13,6
"Stadspark parkrun, Sittard",Netherlands,2023-09-09,2025-09-13,2
Stonehaven parkrun,United Kingdom,2016-09-10,2025-09-13,9
Sutcliffe parkrun,United Kingdom,2021-09-11,2025-09-13,4
Tynwald Park parkrun,Australia,2022-09-10,2025-09-13,3
Westport parkrun,Ireland,2013-09-14,2025-09-13,12
Wynnum parkrun,Australia,2012-09-08,2025-09-13,13
Aggeneys parkrun,South Africa,2018-09-15,2025-09-20,7
Ayr parkrun,United Kingdom,2014-09-20,2025-09-20,11
Baltimore and Annapolis Trail parkrun,United States,2021-09-18,2025-09-20,4
Beatrixpark parkrun,Netherlands,2022-09-17,2025-09-20,3
Broadwater parkrun,United Kingdom,2021-09-18,2025-09-20,4
Brynaman parkrun,United Kingdom,2019-09-21,2025-09-20,6
Clevedon Salthouse Fields parkrun,United Kingdom,2019-09-21,2025-09-20,6
Cliffe Castle parkrun,United Kingdom,2018-09-15,2025-09-20,7
Corby parkrun,United Kingdom,2013-09-21,2025-09-20,12
Courthouse Lake parkrun,United States,2021-09-18,2025-09-20,4
Creekside parkrun,United States,2021-09-18,2025-09-20,4
Downsview parkrun,Canada,2019-09-21,2025-09-20,6
Ed Austin Regional parkrun,United States,2022-09-17,2025-09-20,3
Exploration Place parkrun,United States,2022-09-17,2025-09-20,3
Flatts Lane parkrun,United Kingdom,2017-09-16,2025-09-20,8
Ifield Mill Pond parkrun,United Kingdom,2019-09-21,2025-09-20,6
"Kanata parkrun, Ottawa",Canada,2017-09-16,2025-09-20,8
Kesgrave parkrun,United Kingdom,2014-09-20,2025-09-20,11
Kingston Park parkrun,Australia,2019-09-21,2025-09-20,6
Kiwanis parkrun,Canada,2018-09-15,2025-09-20,7
Millwater parkrun,New Zealand,2014-09-20,2025-09-20,11
Muncaster Castle parkrun,United Kingdom,2023-09-16,2025-09-20,2
New Farm parkrun,Australia,2011-09-17,2025-09-20,14
Nonsuch parkrun,United Kingdom,2011-09-17,2025-09-20,14
Nuriootpa parkrun,Australia,2017-09-16,2025-09-20,8
Old Esk Railway Station parkrun,Australia,2024-09-21,2025-09-20,1
Orpington parkrun,United Kingdom,2012-09-15,2025-09-20,13
Pakenham parkrun,Australia,2014-09-20,2025-09-20,11
Palmerston parkrun,Australia,2016-09-17,2025-09-20,9
parkrun Dzierzgoń,Poland,2018-09-15,2025-09-20,7
parkrun Leszno,Poland,2013-09-21,2025-09-20,12
parkrun Vingis,Lithuania,2024-09-21,2025-09-20,1
parkrun Zalew Wrzesiński,Poland,2023-09-16,2025-09-20,2
Redcliffe parkrun,Australia,2017-09-16,2025-09-20,8
Rheinpark parkrun,Germany,2021-09-18,2025-09-20,4
Ruimsig parkrun,South Africa,2018-09-15,2025-09-20,7
Sandringham parkrun,United Kingdom,2021-09-18,2025-09-20,4
Seewoog parkrun,Germany,2018-09-15,2025-09-20,7
Silloth Promenade parkrun,United Kingdom,2023-09-16,2025-09-20,2
Strokestown parkrun,Ireland,2018-09-15,2025-09-20,7
Swellendam parkrun,South Africa,2017-09-16,2025-09-20,8
Wakefield Thornes parkrun,United Kingdom,2014-09-20,2025-09-20,11
Walmer and Deal Seafront parkrun,United Kingdom,2018-09-15,2025-09-20,7
Wendover Woods parkrun,United Kingdom,2018-09-15,2025-09-20,7
Whitekirk Hill parkrun,United Kingdom,2023-09-16,2025-09-20,2
Antrim parkrun,United Kingdom,2013-09-28,2025-09-27,12
Ashgrove parkrun,Australia,2015-09-26,2025-09-27,10
Bahnstadt Promenade parkrun,Germany,2023-09-30,2025-09-27,2
Banbury parkrun,United Kingdom,2014-09-27,2025-09-27,11
Barrow parkrun,United Kingdom,2011-09-24,2025-09-27,14
Baysgarth Park parkrun,United Kingdom,2023-09-30,2025-09-27,2
Bickershaw parkrun,United Kingdom,2018-09-22,2025-09-27,7
Billdalsparken parkrun,Sweden,2021-09-25,2025-09-27,4
Braidwood Showground parkrun,Australia,2018-09-22,2025-09-27,7
Braunstone parkrun,United Kingdom,2010-09-25,2025-09-27,15
Burgess parkrun,United Kingdom,2012-09-22,2025-09-27,13
Bygholm parkrun,Denmark,2024-09-28,2025-09-27,1
Caffarella parkrun,Italy,2018-09-22,2025-09-27,7
Carisbrooke parkrun,Australia,2017-09-30,2025-09-27,8
Carlow Town parkrun,Ireland,2017-09-30,2025-09-27,8
Castle Park parkrun,United Kingdom,2017-09-30,2025-09-27,8
Castlewellan parkrun,United Kingdom,2017-09-23,2025-09-27,8
Clare Castle parkrun,United Kingdom,2017-09-30,2025-09-27,8
Clarence parkrun,United Kingdom,2023-09-23,2025-09-27,2
Coldham’s Common parkrun,United Kingdom,2018-09-29,2025-09-27,7
Corkagh parkrun,Ireland,2017-09-23,2025-09-27,8
"Cowpasture Reserve parkrun, Camden",Australia,2018-09-22,2025-09-27,7
Cranbrook Country Park parkrun,United Kingdom,2021-09-25,2025-09-27,4
Darndale parkrun,Ireland,2017-09-30,2025-09-27,8
Depot Park parkrun,United States,2018-09-29,2025-09-27,7
Dullstroom parkrun,South Africa,2017-09-30,2025-09-27,8
Durban Point parkrun,South Africa,2018-09-22,2025-09-27,7
"East End parkrun, New Plymouth",New Zealand,2018-09-22,2025-09-27,7
Five Arches parkrun,United Kingdom,2023-09-23,2025-09-27,2
Globe parkrun,Germany,2019-09-28,2025-09-27,6
Glossop parkrun,United Kingdom,2015-09-26,2025-09-27,10
Grahamstown parkrun,South Africa,2014-09-27,2025-09-27,11
"Great Lines parkrun, Medway",United Kingdom,2013-09-28,2025-09-27,12
Groene Ster parkrun,Netherlands,2023-09-30,2025-09-27,2
Hanley parkrun,United Kingdom,2011-09-24,2025-09-27,14
Harleston Magpies parkrun,United Kingdom,2021-09-25,2025-09-27,4
Haverfordwest parkrun,United Kingdom,2017-09-23,2025-09-27,8
Henlow Bridge Lakes parkrun,United Kingdom,2021-09-25,2025-09-27,4
Hilton parkrun,South Africa,2018-09-29,2025-09-27,7
Hluhluwe parkrun,South Africa,2019-09-28,2025-09-27,6
Horinouchi koen parkrun,Japan,2019-09-28,2025-09-27,6
Jersey parkrun,United Kingdom,2015-09-26,2025-09-27,10
Judarskogen parkrun,Sweden,2024-09-28,2025-09-27,1
Kathu parkrun,South Africa,2017-09-23,2025-09-27,8
Kettering parkrun,United Kingdom,2016-09-24,2025-09-27,9
Mansfield parkrun,United Kingdom,2012-09-29,2025-09-27,13
Marlborough Common parkrun,United Kingdom,2018-09-22,2025-09-27,7
Memorial Park parkrun,Australia,2022-09-24,2025-09-27,3
Milano Nord parkrun,Italy,2016-09-24,2025-09-27,9
Montrose Foreshore parkrun,Australia,2018-09-22,2025-09-27,7
Moree parkrun,Australia,2016-09-24,2025-09-27,9
Nansenparken parkrun,Norway,2021-09-25,2025-09-27,4
New York Central Fitness Trail parkrun,Canada,2021-09-25,2025-09-27,4
Oakey parkrun,Australia,2017-09-30,2025-09-27,8
Orleans parkrun,Canada,2018-09-29,2025-09-27,7
parkrun Głogów,Poland,2017-09-30,2025-09-27,8
parkrun Gorzów Wielkopolski,Poland,2017-09-23,2025-09-27,8
parkrun Grudziądz,Poland,2018-09-22,2025-09-27,7
parkrun Młynówka Królewska,Poland,2023-09-30,2025-09-27,2
parkrun Pałac Książęcy,Poland,2023-09-23,2025-09-27,2
Perry Lakes parkrun,Australia,2018-09-29,2025-09-27,7
Plymvalley parkrun,United Kingdom,2012-09-22,2025-09-27,13
"Riverside parkrun, Kamloops",Canada,2023-09-23,2025-09-27,2
Sandall Park parkrun,United Kingdom,2013-09-28,2025-09-27,12
Schwanenteich parkrun,Germany,2018-09-29,2025-09-27,7
Sence Valley Forest Park parkrun,United Kingdom,2023-09-23,2025-09-27,2
Shawnigan Hills parkrun,Canada,2019-09-28,2025-09-27,6
Shrewsbury parkrun,United Kingdom,2013-09-28,2025-09-27,12
St Anne’s parkrun,Ireland,2013-09-28,2025-09-27,12
"Stadtpark parkrun, Graz",Austria,2023-09-23,2025-09-27,2
Stebonheath parkrun,Australia,2018-09-22,2025-09-27,7
Sterkfontein parkrun,South Africa,2018-09-22,2025-09-27,7
Sunset Hills Shitasanbashi parkrun,Japan,2023-09-30,2025-09-27,2
Tamworth parkrun,Australia,2014-09-27,2025-09-27,11
Teignmouth Promenade parkrun,United Kingdom,2018-09-29,2025-09-27,7
"The Leas parkrun, Minster",United Kingdom,2019-09-28,2025-09-27,6
Tokoinranta parkrun,Finland,2018-09-29,2025-09-27,7
Toowoomba parkrun,Australia,2013-09-28,2025-09-27,12
"Tramore Valley parkrun, Cork",Ireland,2015-09-26,2025-09-27,10
"Voortrekker Monument parkrun, Pretoria",South Africa,2013-09-28,2025-09-27,12
Warwick Racecourse parkrun,United Kingdom,2019-09-28,2025-09-27,6
Watermead Country Park parkrun,United Kingdom,2021-09-25,2025-09-27,4
You Yangs parkrun,Australia,2016-09-24,2025-09-27,9
Bath Skyline parkrun,United Kingdom,2014-10-04,2025-10-04,11
Bushy parkrun,United Kingdom,2004-10-02,2025-10-04,21
Catton parkrun,United Kingdom,2013-10-05,2025-10-04,12
Champion Lakes parkrun,Australia,2015-10-03,2025-10-04,10
"Charleston parkrun, South Australia",Australia,2018-10-06,2025-10-04,7
Charlton parkrun,United Kingdom,2021-10-02,2025-10-04,4
Chuo koen parkrun,Japan,2021-10-02,2025-10-04,4
Coober Pedy Oval parkrun,Australia,2022-10-01,2025-10-04,3
Coole parkrun,Ireland,2019-10-05,2025-10-04,6
Cranleigh parkrun,United Kingdom,2014-10-04,2025-10-04,11
Cusworth Hall parkrun,United Kingdom,2019-10-05,2025-10-04,6
Downview parkrun,United Kingdom,2019-10-05,2025-10-04,6
Duffins Trail parkrun,Canada,2018-10-06,2025-10-04,7
Father Collins parkrun,Ireland,2015-10-03,2025-10-04,10
Flegg High parkrun,United Kingdom,2021-10-02,2025-10-04,4
Hagley parkrun,New Zealand,2014-10-04,2025-10-04,11
Hamilton Island parkrun,Australia,2015-10-03,2025-10-04,10
Horseshoe Bay Reserve parkrun,Australia,2018-10-06,2025-10-04,7
Hunstanton Promenade parkrun,United Kingdom,2019-10-05,2025-10-04,6
Kameeldoring parkrun,South Africa,2019-10-05,2025-10-04,6
Leybourne Lakes parkrun,United Kingdom,2015-10-03,2025-10-04,10
Longrun Meadow parkrun,United Kingdom,2013-10-05,2025-10-04,12
Nathan Road Sports Ground parkrun,Australia,2021-10-02,2025-10-04,4
"Naturlehrpfad parkrun, Wetzlar",Germany,2024-10-05,2025-10-04,1
Newtown parkrun,United Kingdom,2017-10-07,2025-10-04,8
Nolen’s Park parkrun,Australia,2022-10-01,2025-10-04,3
Northside Beltline parkrun,United States,2019-10-05,2025-10-04,6
Ohio and Erie Canal Reservation parkrun,United States,2019-10-05,2025-10-04,6
Paisley Park parkrun,United Kingdom,2024-10-05,2025-10-04,1
parkrun Mały Jeziorak,Poland,2019-10-05,2025-10-04,6
"parkrun Park Miejski, Sosnowiec",Poland,2021-10-02,2025-10-04,4
parkrun Warszawa-Bródno,Poland,2014-10-04,2025-10-04,11
Petrie parkrun,Australia,2015-10-03,2025-10-04,10
Portarlington parkrun,Australia,2017-10-07,2025-10-04,8
Railway Park parkrun,Australia,2021-10-02,2025-10-04,4
Roberts Park parkrun,United Kingdom,2021-10-02,2025-10-04,4
Rondebult parkrun,South Africa,2017-10-07,2025-10-04,8
Rushcliffe parkrun,United Kingdom,2012-10-06,2025-10-04,13
Sale Water parkrun,United Kingdom,2017-10-07,2025-10-04,8
Southsea parkrun,United Kingdom,2013-10-05,2025-10-04,12
Susquehanna Riverwalk parkrun,United States,2021-10-02,2025-10-04,4
Thonock Lane Farm parkrun,United Kingdom,2023-10-07,2025-10-04,2
Werrington Lakes Reserve parkrun,Australia,2019-10-05,2025-10-04,6
Woodhouse Moor parkrun,United Kingdom,2007-10-06,2025-10-04,18
Yodogawa kasenkoen Hirakata chiku parkrun,Japan,2019-10-05,2025-10-04,6
Aberdeen parkrun,United Kingdom,2011-10-08,2025-10-11,14
Armagh parkrun,United Kingdom,2013-10-12,2025-10-11,12
Bannockburn Bush parkrun,Australia,2017-10-14,2025-10-11,8
Battersea parkrun,United Kingdom,2024-10-12,2025-10-11,1
Berwick Springs parkrun,Australia,2013-10-12,2025-10-11,12
Broad Park parkrun,New Zealand,2022-10-08,2025-10-11,3
Canons Park parkrun,United Kingdom,2016-10-08,2025-10-11,9
Centennial parkrun,Australia,2018-10-13,2025-10-11,7
Colin Glen parkrun,United Kingdom,2015-10-10,2025-10-11,10
Donabate parkrun,Ireland,2015-10-10,2025-10-11,10
Egweni River Lodge parkrun,South Africa,2021-10-09,2025-10-11,4
Galston parkrun,Australia,2016-10-08,2025-10-11,9
Gloucester North parkrun,United Kingdom,2015-10-10,2025-10-11,10
Halswell Quarry parkrun,New Zealand,2024-10-12,2025-10-11,1
Hamilton parkrun,Australia,2015-10-10,2025-10-11,10
Hereford parkrun,United Kingdom,2014-10-11,2025-10-11,11
Hout Bay parkrun,South Africa,2017-10-14,2025-10-11,8
Jesmond Dene parkrun,United Kingdom,2019-10-12,2025-10-11,6
Kalgoorlie-Boulder parkrun,Australia,2013-10-12,2025-10-11,12
Katy Trail parkrun,United States,2024-10-12,2025-10-11,1
Kilkenny parkrun,Ireland,2014-10-11,2025-10-11,11
"Løvstien parkrun, Bergen",Norway,2018-10-13,2025-10-11,7
Monaghan Town parkrun,Ireland,2017-10-14,2025-10-11,8
Newbiggin-by-the-Sea parkrun,United Kingdom,2017-10-14,2025-10-11,8
Obersee parkrun,Germany,2021-10-09,2025-10-11,4
Omagh parkrun,United Kingdom,2016-10-08,2025-10-11,9
Panshanger parkrun,United Kingdom,2014-10-11,2025-10-11,11
Pontypridd parkrun,United Kingdom,2013-10-12,2025-10-11,12
Ros Gregor Trail parkrun,Australia,2019-10-12,2025-10-11,6
Silksworth parkrun,United Kingdom,2009-10-10,2025-10-11,16
Southend parkrun,United Kingdom,2012-10-13,2025-10-11,13
Tamar Lakes parkrun,United Kingdom,2014-10-11,2025-10-11,11
Tampere parkrun,Finland,2017-10-14,2025-10-11,8
Tamworth Castle Grounds parkrun,United Kingdom,2023-10-14,2025-10-11,2
"The Grand Canal Way parkrun, Tullamore",Ireland,2021-10-09,2025-10-11,4
The Reeds parkrun,South Africa,2022-10-08,2025-10-11,3
"Thurrock parkrun, Orsett Heath",United Kingdom,2015-10-10,2025-10-11,10
Two Rivers Wines parkrun,Australia,2023-10-14,2025-10-11,2
University of Stirling parkrun,United Kingdom,2019-10-12,2025-10-11,6
Urunga parkrun,Australia,2017-10-14,2025-10-11,8
Vääksyn kanava parkrun,Finland,2018-10-13,2025-10-11,7
"Victoria parkrun, Glasgow",United Kingdom,2013-10-12,2025-10-11,12
Wits parkrun,South Africa,2018-10-13,2025-10-11,7
Woodley parkrun,United Kingdom,2012-10-13,2025-10-11,13
Worden parkrun,United Kingdom,2023-10-14,2025-10-11,2
Brightwater parkrun,Australia,2014-10-18,2025-10-18,11
Carlingwark Loch parkrun,United Kingdom,2023-10-21,2025-10-18,2
Clacton Seafront parkrun,United Kingdom,2016-10-15,2025-10-18,9
College Park parkrun,United States,2016-10-15,2025-10-18,9
Edinburgh parkrun,United Kingdom,2009-10-17,2025-10-18,16
Ellesmere Port parkrun,United Kingdom,2014-10-18,2025-10-18,11
Ellon parkrun,United Kingdom,2015-10-17,2025-10-18,10
"Fell Foot parkrun, Newby Bridge",United Kingdom,2014-10-18,2025-10-18,11
Fodder Forest parkrun,Australia,2021-10-16,2025-10-18,4
Fulham Palace parkrun,United Kingdom,2013-10-19,2025-10-18,12
Glenoma parkrun,Australia,2021-10-16,2025-10-18,4
Grafton parkrun,Australia,2015-10-17,2025-10-18,10
Greenstone Hill parkrun,South Africa,2019-10-19,2025-10-18,6
Groeneweide parkrun,South Africa,2019-10-19,2025-10-18,6
Gungahlin parkrun,Australia,2013-10-19,2025-10-18,12
Hamilton Lake parkrun,New Zealand,2013-10-19,2025-10-18,12
Harcourt Hill parkrun,United Kingdom,2014-10-18,2025-10-18,11
"Henley Wood parkrun, Oswestry",United Kingdom,2018-10-20,2025-10-18,7
Homestead parkrun,Australia,2021-10-16,2025-10-18,4
Homewood parkrun,United Kingdom,2016-10-15,2025-10-18,9
Hyndburn parkrun,United Kingdom,2017-10-21,2025-10-18,8
Jubilee parkrun,United Kingdom,2019-10-19,2025-10-18,6
Kastanienallee parkrun,Germany,2021-10-16,2025-10-18,4
Kemnader See parkrun,Germany,2022-10-15,2025-10-18,3
Kingscliff parkrun,Australia,2012-10-20,2025-10-18,13
Komani parkrun,South Africa,2017-10-21,2025-10-18,8
Laudium parkrun,South Africa,2014-10-18,2025-10-18,11
Macquarie University parkrun,Australia,2024-10-19,2025-10-18,1
Mary S. Young parkrun,United States,2023-10-21,2025-10-18,2
Millhouses parkrun,United Kingdom,2019-10-19,2025-10-18,6
Mosman parkrun,Australia,2013-10-19,2025-10-18,12
Navan parkrun,Ireland,2015-10-17,2025-10-18,10
Nobles parkrun,United Kingdom,2017-10-21,2025-10-18,8
North Lakes parkrun,Australia,2012-10-20,2025-10-18,13
Paradise Point parkrun,Australia,2015-10-17,2025-10-18,10
Parc parkrun,United Kingdom,2018-10-20,2025-10-18,7
parkrun Gdynia,Poland,2011-10-15,2025-10-18,14
parkrun Port Rzeczny Sandomierz,Poland,2023-10-21,2025-10-18,2
Penryn Campus parkrun,United Kingdom,2021-10-16,2025-10-18,4
Pongola parkrun,South Africa,2015-10-17,2025-10-18,10
Porterstown parkrun,Ireland,2015-10-17,2025-10-18,10
Puolarmaari parkrun,Finland,2021-10-16,2025-10-18,4
"Queen’s parkrun, Glasgow",United Kingdom,2019-10-19,2025-10-18,6
Richmond parkrun,United Kingdom,2007-10-20,2025-10-18,18
Riverbank parkrun,Australia,2019-10-19,2025-10-18,6
Rogiet parkrun,United Kingdom,2017-10-21,2025-10-18,8
"Rose parkrun, Lenasia",South Africa,2018-10-20,2025-10-18,7
Spring Rock parkrun,United States,2024-10-19,2025-10-18,1
Vicarstown parkrun,Ireland,2014-10-18,2025-10-18,11
Zandvlei parkrun,South Africa,2016-10-15,2025-10-18,9
Ziegelwiese parkrun,Germany,2019-10-19,2025-10-18,6
Achill Greenway parkrun,Ireland,2021-10-23,2025-10-25,4
Anstey Hill Recreation parkrun,Australia,2021-10-23,2025-10-25,4
Ashford parkrun,United Kingdom,2013-10-26,2025-10-25,12
Bear Creek Greenbelt parkrun,United States,2019-10-26,2025-10-25,6
Boston parkrun,United Kingdom,2015-10-24,2025-10-25,10
Bourke Racecourse parkrun,Australia,2018-10-27,2025-10-25,7
Breede Valley parkrun,South Africa,2016-10-29,2025-10-25,9
Bunbury parkrun,Australia,2013-10-26,2025-10-25,12
Bundoran Promenade parkrun,Ireland,2024-10-26,2025-10-25,1
Cape Pembroke Lighthouse parkrun,United Kingdom,2019-10-26,2025-10-25,6
Chopwell Wood parkrun,United Kingdom,2021-10-30,2025-10-25,4
Clarisford parkrun,Ireland,2014-10-25,2025-10-25,11
Cloncurry parkrun,Australia,2017-10-28,2025-10-25,8
Constantia Greenbelt parkrun,South Africa,2015-10-24,2025-10-25,10
Darwin parkrun,Australia,2013-10-26,2025-10-25,12
Dietenbach parkrun,Germany,2021-10-23,2025-10-25,4
Donaupark parkrun,Austria,2021-10-30,2025-10-25,4
Edwin Carolan Community parkrun,Ireland,2021-10-23,2025-10-25,4
Fælledparken parkrun,Denmark,2011-10-22,2025-10-25,14
Festningen parkrun,Norway,2018-10-27,2025-10-25,7
Finsbury parkrun,United Kingdom,2009-10-31,2025-10-25,16
Foster parkrun,New Zealand,2018-10-27,2025-10-25,7
Goldfields Reservoir parkrun,Australia,2019-10-26,2025-10-25,6
"Goulburn River Trail parkrun, Seymour",Australia,2023-10-28,2025-10-25,2
Grangemoor parkrun,United Kingdom,2015-10-31,2025-10-25,10
Gunnersbury parkrun,United Kingdom,2011-10-29,2025-10-25,14
Gunpowder parkrun,United Kingdom,2011-10-22,2025-10-25,14
"Hadleigh parkrun, Essex",United Kingdom,2016-10-22,2025-10-25,9
Haigh Woodland parkrun,United Kingdom,2015-10-31,2025-10-25,10
Hermanus parkrun,South Africa,2015-10-31,2025-10-25,10
Highfields parkrun,Australia,2015-10-24,2025-10-25,10
Kadina Trail parkrun,Australia,2019-10-26,2025-10-25,6
Kai Kai parkrun,South Africa,2024-10-26,2025-10-25,1
Kangaroo Island parkrun,Australia,2017-10-28,2025-10-25,8
Kate Reed parkrun,Australia,2020-10-31,2025-10-25,5
Kawana parkrun,Australia,2012-10-27,2025-10-25,13
Kralinbergh parkrun,South Africa,2018-10-27,2025-10-25,7
Leavesden Country parkrun,United Kingdom,2022-10-22,2025-10-25,3
"Lloyd parkrun, Croydon",United Kingdom,2010-10-23,2025-10-25,15
Lordship Recreation Ground parkrun,United Kingdom,2022-10-22,2025-10-25,3
Lowestoft parkrun,United Kingdom,2015-10-31,2025-10-25,10
Maaraue parkrun,Germany,2021-10-30,2025-10-25,4
Maryport Prom parkrun,United Kingdom,2022-10-29,2025-10-25,3
Modimolle parkrun,South Africa,2018-10-27,2025-10-25,7
Mudgeeraba parkrun,Australia,2013-10-26,2025-10-25,12
Oosterplas parkrun,Netherlands,2023-10-28,2025-10-25,2
Orange parkrun,Australia,2016-10-22,2025-10-25,9
Owairaka parkrun,New Zealand,2020-10-24,2025-10-25,5
Palmerston North parkrun,New Zealand,2017-10-28,2025-10-25,8
parkrun Ełk,Poland,2016-10-22,2025-10-25,9
"parkrun Jezioro Górne, Kętrzyn",Poland,2018-10-27,2025-10-25,7
Pobalscoil na Tríonóide parkrun,Ireland,2021-10-23,2025-10-25,4
Port Macquarie parkrun,Australia,2015-10-31,2025-10-25,10
Railton parkrun,Australia,2017-10-28,2025-10-25,8
Richmond Olympic parkrun,Canada,2016-10-29,2025-10-25,9
Riverside Walk parkrun,United Kingdom,2023-10-28,2025-10-25,2
Riviera on Vaal parkrun,South Africa,2018-10-27,2025-10-25,7
Rutland Water parkrun,United Kingdom,2015-10-24,2025-10-25,10
Salcey Forest parkrun,United Kingdom,2019-10-26,2025-10-25,6
Scribbly Gums Conservation parkrun,Australia,2022-10-22,2025-10-25,3
Secunda parkrun,South Africa,2014-10-25,2025-10-25,11
Shelley parkrun,Australia,2016-10-29,2025-10-25,9
Sherwood Pines parkrun,United Kingdom,2015-10-24,2025-10-25,10
Simmons Park parkrun,United Kingdom,2024-10-26,2025-10-25,1
Sport Ireland Campus parkrun,Ireland,2021-10-23,2025-10-25,4
Swanley parkrun,United Kingdom,2021-10-23,2025-10-25,4
Swansea Bay parkrun,United Kingdom,2015-10-24,2025-10-25,10
Tamar Trails parkrun,United Kingdom,2016-10-29,2025-10-25,9
Tennogawa koen parkrun,Japan,2021-10-23,2025-10-25,4
"The Cinder Track parkrun, Whitby",United Kingdom,2021-10-23,2025-10-25,4
The Great Field parkrun,United Kingdom,2021-10-30,2025-10-25,4
Third Creek Greenway parkrun,United States,2019-10-26,2025-10-25,6
Tremorfa parkrun,United Kingdom,2019-10-26,2025-10-25,6
Tsujido kaihin koen parkrun,Japan,2020-10-24,2025-10-25,5
Vredendal parkrun,South Africa,2017-10-28,2025-10-25,8
Wagi Bridge parkrun,Australia,2019-10-26,2025-10-25,6
Westerfolds parkrun,Australia,2013-10-26,2025-10-25,12
White Lick Creek parkrun,United States,2024-10-26,2025-10-25,1
Wotton parkrun,United Kingdom,2016-10-22,2025-10-25,9
Aberbeeg parkrun,United Kingdom,2018-11-03,2025-11-01,7
Alton Water parkrun,United Kingdom,2021-11-06,2025-11-01,4
Anacostia parkrun,United States,2017-11-04,2025-11-01,8
Aylesbury parkrun,United Kingdom,2013-11-02,2025-11-01,12
Belton House parkrun,United Kingdom,2015-11-07,2025-11-01,10
Black Combe parkrun,United Kingdom,2017-11-04,2025-11-01,8
Brighton & Hove parkrun,United Kingdom,2007-11-03,2025-11-01,18
Bury Field parkrun,United Kingdom,2021-11-06,2025-11-01,4
Campaspe parkrun,Australia,2019-11-02,2025-11-01,6
Cootehill parkrun,Ireland,2014-11-01,2025-11-01,11
Dodder Valley parkrun,Ireland,2022-11-05,2025-11-01,3
"Duikersdrift parkrun, Tulbagh",South Africa,2018-11-03,2025-11-01,7
East Coast Brewery parkrun,South Africa,2021-11-06,2025-11-01,4
East Richmond parkrun,Australia,2017-11-04,2025-11-01,8
Fenit Greenway parkrun,Ireland,2023-11-04,2025-11-01,2
Fig Tree parkrun,South Africa,2023-11-04,2025-11-01,2
Greytown Woodside Trail parkrun,New Zealand,2018-11-03,2025-11-01,7
Hamsterley Forest parkrun,United Kingdom,2021-11-06,2025-11-01,4
Hay Lodge parkrun,United Kingdom,2018-11-03,2025-11-01,7
Heiwa koen Kurashino mori parkrun,Japan,2024-11-02,2025-11-01,1
Irchester Country parkrun,United Kingdom,2019-11-02,2025-11-01,6
Karkarook parkrun,Australia,2016-11-05,2025-11-01,9
Kleinevalleij parkrun,South Africa,2024-11-02,2025-11-01,1
Koonwarra parkrun,Australia,2017-11-04,2025-11-01,8
Ladysmith parkrun,South Africa,2016-11-05,2025-11-01,9
"Lillie parkrun, Ann Arbor",United States,2018-11-03,2025-11-01,7
Maitland parkrun,Australia,2013-11-02,2025-11-01,12
Market Rasen Racecourse parkrun,United Kingdom,2018-11-03,2025-11-01,7
Moors Valley parkrun,United Kingdom,2015-11-07,2025-11-01,10
Mountbellew Forest parkrun,Ireland,2022-11-05,2025-11-01,3
Myrtle parkrun,United Kingdom,2018-11-03,2025-11-01,7
Noel Booth Community parkrun,Canada,2021-11-06,2025-11-01,4
"Nordre Fælled parkrun, Randers",Denmark,2018-11-03,2025-11-01,7
Normanby Hall parkrun,United Kingdom,2017-11-04,2025-11-01,8
North Beach parkrun,South Africa,2012-11-03,2025-11-01,13
Oriam parkrun,United Kingdom,2019-11-02,2025-11-01,6
Our Park parkrun,Australia,2020-11-07,2025-11-01,5
Oxford parkrun,United Kingdom,2011-11-05,2025-11-01,14
parkrun Olsztyn,Poland,2017-11-04,2025-11-01,8
Pavilion Gardens parkrun,United Kingdom,2022-11-05,2025-11-01,3
Pferdebachtal parkrun,Germany,2024-11-02,2025-11-01,1
Pine Forest parkrun,South Africa,2024-11-02,2025-11-01,1
Poppintree parkrun,Ireland,2014-11-01,2025-11-01,11
Port Hedland parkrun,Australia,2017-11-04,2025-11-01,8
"Presint 18 parkrun, Putrajaya",Malaysia,2018-11-03,2025-11-01,7
Rushmere parkrun,United Kingdom,2015-11-07,2025-11-01,10
Sanuma koikikoen Kanouen parkrun,Japan,2022-11-05,2025-11-01,3
Sewerby parkrun,United Kingdom,2011-11-05,2025-11-01,14
Sheringham parkrun,United Kingdom,2012-11-03,2025-11-01,13
South Bank parkrun,Australia,2012-11-03,2025-11-01,13
Stutterheim parkrun,South Africa,2014-11-01,2025-11-01,11
University of Waikato parkrun,New Zealand,2020-11-07,2025-11-01,5
Ury Riverside parkrun,United Kingdom,2019-11-02,2025-11-01,6
"Waterworks parkrun, Belfast",United Kingdom,2010-11-06,2025-11-01,15
Whitstable parkrun,United Kingdom,2010-11-06,2025-11-01,15
Willoughby parkrun,Australia,2016-11-05,2025-11-01,9
Aurora parkrun,Australia,2019-11-09,2025-11-08,6
Benalla Botanical Gardens parkrun,Australia,2019-11-09,2025-11-08,6
Berwick Waters parkrun,Australia,2019-11-09,2025-11-08,6
Bill Thorpe Walking Bridge parkrun,Canada,2021-11-13,2025-11-08,4
Blickling parkrun,United Kingdom,2013-11-09,2025-11-08,12
"Central parkrun, Plymouth",United Kingdom,2021-11-13,2025-11-08,4
Cockermouth Greenway parkrun,United Kingdom,2024-11-09,2025-11-08,1
Cowra parkrun,Australia,2017-11-11,2025-11-08,8
Crosby parkrun,United Kingdom,2015-11-14,2025-11-08,10
Daventry parkrun,United Kingdom,2014-11-08,2025-11-08,11
Delta parkrun,South Africa,2011-11-12,2025-11-08,14
Diamond Creek parkrun,Australia,2013-11-09,2025-11-08,12
East Park parkrun,United Kingdom,2019-11-09,2025-11-08,6
Eden Project parkrun,United Kingdom,2017-11-11,2025-11-08,8
Emerald Lake parkrun,Australia,2024-11-09,2025-11-08,1
Favorita parkrun,Italy,2016-11-12,2025-11-08,9
Geographe Bay parkrun,Australia,2014-11-08,2025-11-08,11
Gnoll parkrun,United Kingdom,2015-11-14,2025-11-08,10
Gyodashi sogokoen parkrun,Japan,2022-11-12,2025-11-08,3
Harlow parkrun,United Kingdom,2014-11-08,2025-11-08,11
Highbury Fields parkrun,United Kingdom,2011-11-12,2025-11-08,14
Jersey Farm parkrun,United Kingdom,2018-11-10,2025-11-08,7
Jurien Bay Foreshore parkrun,Australia,2022-11-12,2025-11-08,3
Land’s End parkrun,United Kingdom,2019-11-09,2025-11-08,6
Larne parkrun,United Kingdom,2013-11-09,2025-11-08,12
Launceston parkrun,Australia,2012-11-10,2025-11-08,13
Leicester Victoria parkrun,United Kingdom,2015-11-14,2025-11-08,10
Lichtenburg Raceway parkrun,South Africa,2019-11-09,2025-11-08,6
Malahide parkrun,Ireland,2012-11-10,2025-11-08,13
Markshall Estate parkrun,United Kingdom,2021-11-13,2025-11-08,4
Nepean River parkrun,Australia,2016-11-12,2025-11-08,9
Northern Pathway parkrun,New Zealand,2023-11-11,2025-11-08,2
Oaklands parkrun,United Kingdom,2019-11-09,2025-11-08,6
Offenthal parkrun,Germany,2021-11-13,2025-11-08,4
parkrun Pruszków,Poland,2014-11-08,2025-11-08,11
Prudhoe Riverside parkrun,United Kingdom,2016-11-12,2025-11-08,9
Rinko Park parkrun,Japan,2024-11-09,2025-11-08,1
Ryan Bonaminio parkrun,United States,2024-11-09,2025-11-08,1
Sabine parkrun,Italy,2024-11-09,2025-11-08,1
"Sand River parkrun, Virginia",South Africa,2018-11-10,2025-11-08,7
Sandwell Valley parkrun,United Kingdom,2017-11-11,2025-11-08,8
Seaton parkrun,United Kingdom,2016-11-12,2025-11-08,9
Shirahama koen parkrun,Japan,2020-11-14,2025-11-08,5
South Manchester parkrun,United Kingdom,2009-11-14,2025-11-08,16
Stretford parkrun,United Kingdom,2015-11-14,2025-11-08,10
Sunshine Beach parkrun,Japan,2021-11-13,2025-11-08,4
Tonbridge parkrun,United Kingdom,2013-11-09,2025-11-08,12
Victory Heights Trail parkrun,Australia,2018-11-10,2025-11-08,7
Warren Hill parkrun,United Kingdom,2018-11-10,2025-11-08,7
Workman’s Beach parkrun,Australia,2024-11-09,2025-11-08,1
"Albert parkrun, Melbourne",Australia,2011-11-19,2025-11-15,14
"Alexandra parkrun, Moss Side",United Kingdom,2019-11-16,2025-11-15,6
Alice Holt parkrun,United Kingdom,2012-11-17,2025-11-15,13
Aronica’s Nursery parkrun,South Africa,2023-11-18,2025-11-15,2
Beckenham Place parkrun,United Kingdom,2016-11-19,2025-11-15,9
Brooklands parkrun,United Kingdom,2018-11-17,2025-11-15,7
Calamvale parkrun,Australia,2014-11-15,2025-11-15,11
Cannock Chase parkrun,United Kingdom,2016-11-19,2025-11-15,9
Clougha Pike parkrun,United Kingdom,2024-11-16,2025-11-15,1
Copper Trail parkrun,Australia,2021-11-20,2025-11-15,4
Dhunggaarr Reserve parkrun,Australia,2023-11-18,2025-11-15,2
Eastville parkrun,United Kingdom,2017-11-18,2025-11-15,8
Erskine Waterfront parkrun,United Kingdom,2022-11-19,2025-11-15,3
Fletcher Moss parkrun,United Kingdom,2018-11-17,2025-11-15,7
Ganger Farm parkrun,United Kingdom,2022-11-19,2025-11-15,3
Garvey Park parkrun,Australia,2020-11-21,2025-11-15,5
Hartstown parkrun,Ireland,2014-11-15,2025-11-15,11
Himmel parkrun,United States,2018-11-17,2025-11-15,7
Lincoln parkrun,United Kingdom,2013-11-16,2025-11-15,12
Lota parkrun,Australia,2017-11-18,2025-11-15,8
Mapetla parkrun,South Africa,2018-11-17,2025-11-15,7
Meyerton parkrun,South Africa,2017-11-18,2025-11-15,8
Momoi harappa koen parkrun,Japan,2020-11-21,2025-11-15,5
Nambour parkrun,Australia,2015-11-21,2025-11-15,10
parkrun Augustów,Poland,2015-11-21,2025-11-15,10
parkrun Nowy Park Solankowy,Poland,2024-11-16,2025-11-15,1
Penrhyn parkrun,United Kingdom,2014-11-15,2025-11-15,11
Plean parkrun,United Kingdom,2017-11-18,2025-11-15,8
Potternewton parkrun,United Kingdom,2018-11-17,2025-11-15,7
Prince of Wales parkrun,Australia,2022-11-19,2025-11-15,3
Renton parkrun,United States,2017-11-18,2025-11-15,8
Seven Fields parkrun,United Kingdom,2019-11-16,2025-11-15,6
Somerdale Pavilion parkrun,United Kingdom,2018-11-17,2025-11-15,7
South Beach Recreation Reserve parkrun,Australia,2021-11-20,2025-11-15,4
Southern Path parkrun,New Zealand,2024-11-16,2025-11-15,1
Springs parkrun,South Africa,2016-11-19,2025-11-15,9
Thornbury parkrun,United Kingdom,2017-11-18,2025-11-15,8
Tsurumi Ryokuchi parkrun,Japan,2021-11-20,2025-11-15,4
Umhlanga parkrun,South Africa,2014-11-15,2025-11-15,11
Warrnambool parkrun,Australia,2016-11-19,2025-11-15,9
Western Springs parkrun,New Zealand,2015-11-21,2025-11-15,10
Whitfords Nodes parkrun,Australia,2017-11-18,2025-11-15,8
Zuurfontein parkrun,South Africa,2023-11-18,2025-11-15,2
Ballina parkrun,Ireland,2014-11-22,2025-11-22,11
Centenary parkrun,Australia,2020-11-28,2025-11-22,5
Cronulla parkrun,Australia,2015-11-28,2025-11-22,10
Forster parkrun,Australia,2016-11-26,2025-11-22,9
Freckleton Road parkrun,United Kingdom,2022-11-26,2025-11-22,3
Galup Reserve parkrun,Australia,2024-11-23,2025-11-22,1
Glen River parkrun,Ireland,2018-11-24,2025-11-22,7
Gorey parkrun,Ireland,2016-11-26,2025-11-22,9
Hondajima parkrun,Japan,2020-11-28,2025-11-22,5
Jacobsdal parkrun,South Africa,2017-11-25,2025-11-22,8
Kamay parkrun,Australia,2016-11-26,2025-11-22,9
Katherine Hot Springs parkrun,Australia,2023-11-25,2025-11-22,2
Lytham Hall parkrun,United Kingdom,2015-11-28,2025-11-22,10
Maborikaigan yuhodo parkrun,Japan,2020-11-28,2025-11-22,5
Miles parkrun,Australia,2017-11-25,2025-11-22,8
Mundy Regional parkrun,Australia,2019-11-23,2025-11-22,6
Neale Park parkrun,New Zealand,2024-11-23,2025-11-22,1
North Harbour parkrun,Australia,2017-11-25,2025-11-22,8
Oiso undokoen parkrun,Japan,2020-11-28,2025-11-22,5
parkrun Koszalin,Poland,2017-11-25,2025-11-22,8
Perry Hall parkrun,United Kingdom,2014-11-22,2025-11-22,11
Pontypool parkrun,United Kingdom,2013-11-23,2025-11-22,12
Rostrevor parkrun,United Kingdom,2016-11-26,2025-11-22,9
Sandgate parkrun,Australia,2012-11-24,2025-11-22,13
Soham Village College parkrun,United Kingdom,2019-11-23,2025-11-22,6
Sunbury parkrun,Australia,2017-11-25,2025-11-22,8
Surfers Paradise parkrun,Australia,2015-11-28,2025-11-22,10
Upton Court parkrun,United Kingdom,2012-11-24,2025-11-22,13
Urayasushi sogo koen parkrun,Japan,2020-11-28,2025-11-22,5
Winterton parkrun,South Africa,2016-11-26,2025-11-22,9
Yokine parkrun,Australia,2017-11-25,2025-11-22,8
Appleton Thorn parkrun,United Kingdom,2019-11-30,2025-11-29,6
Brixworth Country parkrun,United Kingdom,2019-11-30,2025-11-29,6
Grüner Weg parkrun,Germany,2019-11-30,2025-11-29,6
Hirono kaigankoen parkrun,Japan,2019-11-30,2025-11-29,6
Minnippi parkrun,Australia,2013-11-30,2025-11-29,12
Perth parkrun,United Kingdom,2013-11-30,2025-11-29,12
"Rietvlei parkrun, JHB South",South Africa,2013-11-30,2025-11-29,12
South End Reserve parkrun,New Zealand,2024-11-30,2025-11-29,1
Speyer Leinpfad parkrun,Germany,2019-11-30,2025-11-29,6
The Beaches parkrun,Australia,2014-11-29,2025-11-29,11
Aintree Reserve parkrun,Australia,2024-12-07,2025-12-06,1
Airlie Beach parkrun,Australia,2015-12-05,2025-12-06,10
Ally Pally parkrun,United Kingdom,2011-12-03,2025-12-06,14
Bedok Reservoir parkrun,Singapore,2019-12-07,2025-12-06,6
Brentwood parkrun,United Kingdom,2014-12-06,2025-12-06,11
Bunyaville parkrun,Australia,2013-12-07,2025-12-06,12
Cohuna parkrun,Australia,2016-12-03,2025-12-06,9
Cosmeston Lakes parkrun,United Kingdom,2019-12-07,2025-12-06,6
Curro Mossel Bay School parkrun,South Africa,2023-12-02,2025-12-06,2
Dlinza Forest parkrun,South Africa,2023-12-02,2025-12-06,2
Fulbourn Hospital parkrun,United Kingdom,2019-12-07,2025-12-06,6
Georgengarten parkrun,Germany,2017-12-02,2025-12-06,8
Hart & Bosch Village parkrun,South Africa,2021-12-04,2025-12-06,4
Küchenholz parkrun,Germany,2017-12-02,2025-12-06,8
Lakeview parkrun,Australia,2013-12-07,2025-12-06,12
Levengrove parkrun,United Kingdom,2019-12-07,2025-12-06,6
Mount Gambier parkrun,Australia,2013-12-07,2025-12-06,12
Nathalia Showgrounds parkrun,Australia,2021-12-04,2025-12-06,4
Neckarau parkrun,Germany,2017-12-02,2025-12-06,8
Nova Prestatyn parkrun,United Kingdom,2019-12-07,2025-12-06,6
Odakaryokuchi parkrun,Japan,2019-12-07,2025-12-06,6
Oughterard parkrun,Ireland,2017-12-02,2025-12-06,8
parkrun Park Błękitny,Poland,2024-12-07,2025-12-06,1
"Pollok parkrun, Glasgow",United Kingdom,2008-12-06,2025-12-06,17
Rouse Hill parkrun,Australia,2018-12-01,2025-12-06,7
Russborough parkrun,Ireland,2017-12-02,2025-12-06,8
Sandhurst Memorial parkrun,United Kingdom,2019-12-07,2025-12-06,6
Sanukikodomonokuni parkrun,Japan,2019-12-07,2025-12-06,6
Silveroaks parkrun,South Africa,2018-12-01,2025-12-06,7
St George parkrun,Australia,2017-12-02,2025-12-06,8
Sutton Manor parkrun,United Kingdom,2019-12-07,2025-12-06,6
Torrens parkrun,Australia,2012-12-01,2025-12-06,13
Trelissick parkrun,United Kingdom,2016-12-03,2025-12-06,9
Troon parkrun,United Kingdom,2017-12-02,2025-12-06,8
University of Galway parkrun,Ireland,2023-12-02,2025-12-06,2
West Coast Park parkrun,Singapore,2016-12-03,2025-12-06,9
Windy Nook parkrun,United Kingdom,2017-12-02,2025-12-06,8
Agnew parkrun,United Kingdom,2019-12-14,2025-12-13,6
Akkerendam Nature Reserve parkrun,South Africa,2022-12-10,2025-12-13,3
Allerpark parkrun,Germany,2021-12-11,2025-12-13,4
Ara Harakeke parkrun,New Zealand,2022-12-10,2025-12-13,3
Baringa parkrun,Australia,2018-12-08,2025-12-13,7
Battlestead Croft parkrun,United Kingdom,2023-12-09,2025-12-13,2
Belair National Park parkrun,Australia,2023-12-09,2025-12-13,2
Birchall Playing Fields parkrun,United Kingdom,2024-12-14,2025-12-13,1
"Brockwell parkrun, Herne Hill",United Kingdom,2010-12-11,2025-12-13,15
"Centennial Park parkrun, Dunsborough",Australia,2023-12-09,2025-12-13,2
Central Lakes parkrun,Australia,2015-12-12,2025-12-13,10
Chipping Norton School parkrun,United Kingdom,2019-12-14,2025-12-13,6
Colney Lane parkrun,United Kingdom,2017-12-09,2025-12-13,8
"Deerpark parkrun, Carlanstown",Ireland,2018-12-08,2025-12-13,7
Devils Peak parkrun,Australia,2019-12-14,2025-12-13,6
East Brighton parkrun,United Kingdom,2018-12-08,2025-12-13,7
Etna parkrun,Italy,2017-12-09,2025-12-13,8
"Halls parkrun, Nelspruit",South Africa,2013-12-14,2025-12-13,12
Holkham parkrun,United Kingdom,2015-12-12,2025-12-13,10
Ingrebourne Hill parkrun,United Kingdom,2024-12-14,2025-12-13,1
Isabel Trail parkrun,United Kingdom,2018-12-08,2025-12-13,7
Knowsley parkrun,United Kingdom,2016-12-10,2025-12-13,9
Lake Wallace parkrun,Australia,2022-12-10,2025-12-13,3
Marriott Waters parkrun,Australia,2017-12-09,2025-12-13,8
Matlosana Bird parkrun,South Africa,2019-12-14,2025-12-13,6
Menai parkrun,Australia,2014-12-13,2025-12-13,11
Nagaragawa koen parkrun,Japan,2019-12-14,2025-12-13,6
Nottingham Road parkrun,South Africa,2017-12-09,2025-12-13,8
Old Thomson River Road parkrun,Australia,2020-12-12,2025-12-13,5
Palm Creek parkrun,Australia,2023-12-09,2025-12-13,2
parkrun Świdwin,Poland,2016-12-10,2025-12-13,9
parkrun Zalew Żyrardowski,Poland,2019-12-14,2025-12-13,6
Penticton parkrun,Canada,2017-12-09,2025-12-13,8
Port Alfred parkrun,South Africa,2017-12-09,2025-12-13,8
Rooty Hill parkrun,Australia,2016-12-10,2025-12-13,9
Rugby parkrun,United Kingdom,2016-12-10,2025-12-13,9
Stanthorpe parkrun,Australia,2014-12-13,2025-12-13,11
Stockton parkrun,Australia,2014-12-13,2025-12-13,11
Waterloo Plains parkrun,Australia,2020-12-12,2025-12-13,5
Windsor Precinct parkrun,Australia,2017-12-09,2025-12-13,8
Bartley Park parkrun,United Kingdom,2021-12-18,2025-12-20,4
Baxter parkrun,Australia,2022-12-17,2025-12-20,3
Botanical Garden parkrun,South Africa,2014-12-20,2025-12-20,11
Carnival City parkrun,South Africa,2022-12-17,2025-12-20,3
Congleton parkrun,United Kingdom,2012-12-15,2025-12-20,13
Darlington South Park parkrun,United Kingdom,2012-12-15,2025-12-20,13
Fish Hoek parkrun,South Africa,2013-12-21,2025-12-20,12
Kew Woods parkrun,United Kingdom,2018-12-15,2025-12-20,7
Kitanagase Mirai Fureai Sogokoen parkrun,Japan,2023-12-16,2025-12-20,2
Maleny Trail parkrun,Australia,2020-12-19,2025-12-20,5
Market Bosworth Country Park parkrun,United Kingdom,2022-12-17,2025-12-20,3
Melksham parkrun,United Kingdom,2017-12-16,2025-12-20,8
Mersea Island parkrun,United Kingdom,2016-12-17,2025-12-20,9
Millom parkrun,United Kingdom,2016-12-17,2025-12-20,9
Mitchells Plain parkrun,South Africa,2016-12-17,2025-12-20,9
Mullum Mullum parkrun,Australia,2016-12-17,2025-12-20,9
parkrun Park Nadnyski,Poland,2021-12-18,2025-12-20,4
parkrun Pole Mokotowskie,Poland,2018-12-15,2025-12-20,7
Rainhill Farm parkrun,South Africa,2024-12-21,2025-12-20,1
Reynella East parkrun,Australia,2017-12-16,2025-12-20,8
Selby parkrun,United Kingdom,2017-12-16,2025-12-20,8
Somerset East parkrun,South Africa,2021-12-18,2025-12-20,4
Terme parkrun,Italy,2018-12-15,2025-12-20,7
Underwood Park parkrun,Australia,2016-12-17,2025-12-20,9
Woolacombe Dunes parkrun,United Kingdom,2018-12-15,2025-12-20,7
Exmouth parkrun,United Kingdom,2017-12-23,2025-12-27,8
Houghton Hall parkrun,United Kingdom,2017-12-23,2025-12-27,8
parkrun Skórzec,Poland,2017-12-23,2025-12-27,8
parkrun Zalew Borki,Poland,2024-12-28,2025-12-27,1
Torbay Velopark parkrun,United Kingdom,2016-12-31,2025-12-27,9
Wallaby Track parkrun,Australia,2019-12-28,2025-12-27,6
Auldcathie District parkrun,United Kingdom,2023-01-07,2026-01-03,3
Barnstaple parkrun,United Kingdom,2013-01-05,2026-01-03,13
Brickfields parkrun,Ireland,2018-01-06,2026-01-03,8
Con Smith parkrun,Ireland,2020-01-04,2026-01-03,6
Crichton parkrun,United Kingdom,2018-01-06,2026-01-03,8
Dudley parkrun,United Kingdom,2017-01-07,2026-01-03,9
Fort Ward parkrun,United States,2023-01-07,2026-01-03,3
Frickley Country parkrun,United Kingdom,2019-01-05,2026-01-03,7
Glengarriff parkrun,Ireland,2016-01-02,2026-01-03,10
Hasenheide parkrun,Germany,2018-01-06,2026-01-03,8
Hyde parkrun,United Kingdom,2017-01-07,2026-01-03,9
Ivydale parkrun,South Africa,2025-01-04,2026-01-03,1
Lawson parkrun,Australia,2015-01-03,2026-01-03,11
Leinpfad parkrun,Germany,2019-01-05,2026-01-03,7
Lower Drummans parkrun,United Kingdom,2018-01-06,2026-01-03,8
Lydney parkrun,United Kingdom,2016-01-02,2026-01-03,10
Mansfield Botanic parkrun,Australia,2019-01-05,2026-01-03,7
Mapule Sindane School parkrun,South Africa,2024-01-06,2026-01-03,2
Margaret River parkrun,Australia,2018-01-06,2026-01-03,8
Meijo koen parkrun,Japan,2020-01-04,2026-01-03,6
Mendel Riverbank parkrun,Canada,2020-01-04,2026-01-03,6
Monsal Trail parkrun,United Kingdom,2018-01-06,2026-01-03,8
Nidda parkrun,Germany,2018-01-06,2026-01-03,8
Ōtaki River parkrun,New Zealand,2022-01-01,2026-01-03,4
parkrun Kędzierzyn-Koźle,Poland,2015-01-03,2026-01-03,11
Quinns Rocks parkrun,Australia,2017-01-07,2026-01-03,9
Rocks Riverside parkrun,Australia,2014-01-04,2026-01-03,12
SETU Arena parkrun,Ireland,2024-01-06,2026-01-03,2
Stockley Country parkrun,United Kingdom,2023-01-07,2026-01-03,3
Sunrise-on-Sea parkrun,South Africa,2013-01-05,2026-01-03,13
Tannum Sands parkrun,Australia,2017-01-07,2026-01-03,9
"Tramore parkrun, Waterford",Ireland,2016-01-02,2026-01-03,10
Wimbledon Common parkrun,United Kingdom,2007-01-06,2026-01-03,19
Zegerplas parkrun,Netherlands,2024-01-06,2026-01-03,2
Akrotiri parkrun,United Kingdom,2022-01-08,2026-01-10,4
Alstervorland parkrun,Germany,2019-01-12,2026-01-10,7
Birtinya Island parkrun,Australia,2025-01-11,2026-01-10,1
"Brisbane Valley Rail Trail parkrun, Blackbutt",Australia,2023-01-14,2026-01-10,3
Brunswick Park parkrun,United Kingdom,2024-01-13,2026-01-10,2
Calembeen parkrun,Australia,2023-01-14,2026-01-10,3
Clifton parkrun,United Kingdom,2018-01-13,2026-01-10,8
Conwy parkrun,United Kingdom,2015-01-10,2026-01-10,11
Dunedin parkrun,New Zealand,2014-01-11,2026-01-10,12
Ehrenbreitstein parkrun,Germany,2024-01-13,2026-01-10,2
Esbjerg parkrun,Denmark,2011-01-08,2026-01-10,15
Falcarragh parkrun,Ireland,2016-01-09,2026-01-10,10
Fletcher’s Cove parkrun,United States,2016-01-09,2026-01-10,10
Frankston Nature Conservation Reserve parkrun,Australia,2022-01-08,2026-01-10,4
"Grahamstown Aquatic Centre parkrun, Medowie",Australia,2025-01-11,2026-01-10,1
Greendale Farm Shop parkrun,United Kingdom,2025-01-11,2026-01-10,1
Harrow Lodge parkrun,United Kingdom,2013-01-12,2026-01-10,13
Heslington parkrun,United Kingdom,2018-01-13,2026-01-10,8
Huskisson parkrun,Australia,2018-01-13,2026-01-10,8
KM Reedy Reserve parkrun,Australia,2019-01-12,2026-01-10,7
Kwanele parkrun,South Africa,2022-01-08,2026-01-10,4
Lancaster parkrun,United Kingdom,2016-01-09,2026-01-10,10
Lews Castle parkrun,United Kingdom,2020-01-11,2026-01-10,6
Livingston parkrun,United Kingdom,2016-01-09,2026-01-10,10
Melton Mowbray parkrun,United Kingdom,2015-01-10,2026-01-10,11
parkrun Akwen Tropicana,Poland,2025-01-11,2026-01-10,1
parkrun Bydgoszcz,Poland,2015-01-10,2026-01-10,11
Pioneer parkrun,Australia,2014-01-11,2026-01-10,12
Roding Valley parkrun,United Kingdom,2017-01-14,2026-01-10,9
Rubbenbruchsee parkrun,Germany,2018-01-13,2026-01-10,8
Shepparton parkrun,Australia,2014-01-11,2026-01-10,12
Sirromet parkrun,Australia,2016-01-09,2026-01-10,10
Southall parkrun,United Kingdom,2022-01-08,2026-01-10,4
St Albans parkrun,United Kingdom,2012-01-14,2026-01-10,14
Templemore parkrun,Ireland,2017-01-14,2026-01-10,9
The Pastures parkrun,United Kingdom,2019-01-12,2026-01-10,7
Wentworth Common parkrun,Australia,2022-01-08,2026-01-10,4
Whinlatter Forest parkrun,United Kingdom,2018-01-13,2026-01-10,8
Wimpole Estate parkrun,United Kingdom,2013-01-12,2026-01-10,13
Wondai parkrun,Australia,2017-01-14,2026-01-10,9
York parkrun,United Kingdom,2012-01-14,2026-01-10,14
"Zuiderpark parkrun, Hoogeveen",Netherlands,2024-01-13,2026-01-10,2
Beacon parkrun,United Kingdom,2020-01-18,2026-01-17,6
Bellville parkrun,South Africa,2015-01-17,2026-01-17,11
Belvoir Castle parkrun,United Kingdom,2022-01-15,2026-01-17,4
Biki Byte parkrun,South Africa,2025-01-18,2026-01-17,1
Black Rocks parkrun,United Kingdom,2025-01-18,2026-01-17,1
Bressay parkrun,United Kingdom,2018-01-20,2026-01-17,8
Carlisle parkrun,United Kingdom,2013-01-19,2026-01-17,13
Castlehaven parkrun,Ireland,2016-01-16,2026-01-17,10
Chelmsford Central parkrun,United Kingdom,2013-01-19,2026-01-17,13
Coed Cefn-pwll-du parkrun,United Kingdom,2020-01-18,2026-01-17,6
Edithburgh parkrun,Australia,2018-01-20,2026-01-17,8
Eldorado Park parkrun,South Africa,2022-01-15,2026-01-17,4
Gardiners Creek parkrun,Australia,2018-01-20,2026-01-17,8
Harrogate parkrun,United Kingdom,2012-01-21,2026-01-17,14
Kerang Regional parkrun,Australia,2020-01-18,2026-01-17,6
Krupunder See parkrun,Germany,2025-01-18,2026-01-17,1
Lake Boga Foreshore parkrun,Australia,2021-01-16,2026-01-17,5
Lanhydrock parkrun,United Kingdom,2014-01-18,2026-01-17,12
Letsatsi Lodge parkrun,South Africa,2025-01-18,2026-01-17,1
Lithgow parkrun,Australia,2017-01-21,2026-01-17,9
Lousberg parkrun,Germany,2024-01-20,2026-01-17,2
Mansfield OH parkrun,United States,2017-01-21,2026-01-17,9
Mareeba Rail Trail parkrun,Australia,2025-01-18,2026-01-17,1
Marine Parade parkrun,United Kingdom,2022-01-15,2026-01-17,4
Milton Keynes parkrun,United Kingdom,2010-01-16,2026-01-17,16
Mount Pleasant parkrun,United Kingdom,2021-01-16,2026-01-17,5
Oaklands College parkrun,United Kingdom,2025-01-18,2026-01-17,1
parkrun Gdańsk,Poland,2012-01-21,2026-01-17,14
Pembroke parkrun,Australia,2025-01-18,2026-01-17,1
Point Cook parkrun,Australia,2014-01-18,2026-01-17,12
Port Fairy parkrun,Australia,2017-01-21,2026-01-17,9
Queens Domain parkrun,Australia,2018-01-20,2026-01-17,8
Riverfront parkrun,United Kingdom,2017-01-21,2026-01-17,9
S.S. Koopa Trail parkrun,Australia,2021-01-16,2026-01-17,5
Saint-Paulin parkrun,Canada,2017-01-21,2026-01-17,9
Sir James Mitchell parkrun,Australia,2025-01-18,2026-01-17,1
Spindle Tree parkrun,United States,2022-01-15,2026-01-17,4
St Peters parkrun,Australia,2012-01-21,2026-01-17,14
Stilbaai West Beach parkrun,South Africa,2022-01-15,2026-01-17,4
Talkin Tarn Country Park parkrun,United Kingdom,2022-01-15,2026-01-17,4
Taupō parkrun,New Zealand,2017-01-21,2026-01-17,9
Tern Hill parkrun,United Kingdom,2019-01-19,2026-01-17,7
Terry Hershey parkrun,United States,2019-01-19,2026-01-17,7
Town Moor parkrun,United Kingdom,2010-01-16,2026-01-17,16
Vicar Water Country Park parkrun,United Kingdom,2025-01-18,2026-01-17,1
Waikerie Wetlands parkrun,Australia,2025-01-18,2026-01-17,1
Wallaceneuk parkrun,United Kingdom,2020-01-18,2026-01-17,6
West Links parkrun,United Kingdom,2022-01-15,2026-01-17,4
Westpark parkrun,Germany,2019-01-19,2026-01-17,7
Widnes parkrun,United Kingdom,2015-01-17,2026-01-17,11
Zastron Commons parkrun,South Africa,2023-01-21,2026-01-17,3
Zillmere parkrun,Australia,2018-01-20,2026-01-17,8
Ball Park parkrun,Australia,2024-01-27,2026-01-24,2
Bapsfontein Hotel parkrun,South Africa,2022-01-22,2026-01-24,4
Bargara parkrun,Australia,2018-01-27,2026-01-24,8
Barnsley parkrun,United Kingdom,2011-01-22,2026-01-24,15
Bestwood Village parkrun,United Kingdom,2017-01-28,2026-01-24,9
Bezuidenhout parkrun,South Africa,2018-01-27,2026-01-24,8
Bibra Lake parkrun,Australia,2015-01-24,2026-01-24,11
Bowling Park parkrun,United Kingdom,2020-01-25,2026-01-24,6
Bridgetown parkrun,South Africa,2017-01-28,2026-01-24,9
Bright parkrun,Australia,2018-01-27,2026-01-24,8
Bryanston parkrun,South Africa,2014-01-25,2026-01-24,12
Churchill parkrun,Australia,2016-01-23,2026-01-24,10
Doddington Hall parkrun,United Kingdom,2020-01-25,2026-01-24,6
Eastbourne parkrun,United Kingdom,2012-01-28,2026-01-24,14
Egham Orbit parkrun,United Kingdom,2025-01-25,2026-01-24,1
Europapark parkrun,Austria,2025-01-25,2026-01-24,1
Gloucester District parkrun,Australia,2020-01-25,2026-01-24,6
Great Salterns parkrun,United Kingdom,2022-01-22,2026-01-24,4
Happy Valley parkrun,United Kingdom,2024-01-27,2026-01-24,2
Hattori Ryokuchi parkrun,Japan,2025-01-25,2026-01-24,1
Kapiti Coast parkrun,New Zealand,2015-01-24,2026-01-24,11
Letchworth parkrun,United Kingdom,2018-01-27,2026-01-24,8
Lewis Park Reserve parkrun,Australia,2022-01-22,2026-01-24,4
Limerick parkrun,Ireland,2016-01-23,2026-01-24,10
March parkrun,United Kingdom,2016-01-23,2026-01-24,10
Mudgee parkrun,Australia,2017-01-28,2026-01-24,9
Norm-Hudlin Trails parkrun,South Africa,2022-01-22,2026-01-24,4
Oberwald parkrun,Germany,2020-01-25,2026-01-24,6
parkrun Chrzanów,Poland,2015-01-24,2026-01-24,11
parkrun Rzeszów,Poland,2017-01-28,2026-01-24,9
Phoenix parkrun,United Kingdom,2017-01-28,2026-01-24,9
Piet Retief parkrun,South Africa,2019-01-26,2026-01-24,7
Rothay Park parkrun,United Kingdom,2020-01-25,2026-01-24,6
San Remo parkrun,Australia,2018-01-27,2026-01-24,8
Surat Memorial Park parkrun,Australia,2025-01-25,2026-01-24,1
Tralee parkrun,Ireland,2015-01-24,2026-01-24,11
Vermuyden Way parkrun,United Kingdom,2025-01-25,2026-01-24,1
Walthamstow parkrun,United Kingdom,2013-01-26,2026-01-24,13
Warrington parkrun,United Kingdom,2014-01-25,2026-01-24,12
Cooks River parkrun,Australia,2015-01-31,2026-01-31,11
Knysna parkrun,South Africa,2015-01-31,2026-01-31,11
Louis Hamon Park parkrun,Australia,2021-01-30,2026-01-31,5
Milton Country parkrun,United Kingdom,2010-01-30,2026-01-31,16
Mount Edgcumbe parkrun,United Kingdom,2016-01-30,2026-01-31,10
Oaklands Estate Reserve parkrun,Australia,2022-01-29,2026-01-31,4
parkrun Las Łagiewnicki,Poland,2022-01-29,2026-01-31,4
Sligo parkrun,Ireland,2015-01-31,2026-01-31,11
South Oxhey parkrun,United Kingdom,2015-01-31,2026-01-31,11
Tamborine Mountain parkrun,Australia,2015-01-31,2026-01-31,11
The Terrace parkrun,Australia,2016-01-30,2026-01-31,10
Tooting Common parkrun,United Kingdom,2016-01-30,2026-01-31,10
Trentham Memorial parkrun,New Zealand,2021-01-30,2026-01-31,5
Ancholme Valley Way parkrun,United Kingdom,2022-02-05,2026-02-07,4
Berkeley Green parkrun,United Kingdom,2020-02-01,2026-02-07,6
Bevendean Down parkrun,United Kingdom,2016-02-06,2026-02-07,10
Bexley parkrun,United Kingdom,2012-02-04,2026-02-07,14
Blackpool parkrun,United Kingdom,2017-02-04,2026-02-07,9
Bolton parkrun,United Kingdom,2011-02-05,2026-02-07,15
Borrisokane Town parkrun,Ireland,2020-02-01,2026-02-07,6
Carrickfergus parkrun,United Kingdom,2014-02-01,2026-02-07,12
Casula Parklands parkrun,Australia,2021-02-06,2026-02-07,5
Cirencester parkrun,United Kingdom,2018-02-03,2026-02-07,8
Clonakilty parkrun,Ireland,2014-02-01,2026-02-07,12
Coventry parkrun,United Kingdom,2010-02-06,2026-02-07,16
Cyril Curtain Reserve parkrun,Australia,2022-02-05,2026-02-07,4
Drage Reserve parkrun,Australia,2025-02-01,2026-02-07,1
East Otago High School parkrun,New Zealand,2025-02-01,2026-02-07,1
Edinburgh Oval parkrun,Australia,2020-02-01,2026-02-07,6
Gayndah River Walk parkrun,Australia,2021-02-06,2026-02-07,5
GreenWay parkrun,Australia,2018-02-03,2026-02-07,8
Henry Kendall Reserve parkrun,Australia,2022-02-05,2026-02-07,4
Hillsborough parkrun,United Kingdom,2013-02-02,2026-02-07,13
Hockley Woods parkrun,United Kingdom,2015-02-07,2026-02-07,11
Jamestown Golf Course parkrun,Australia,2022-02-05,2026-02-07,4
Lakes Entrance parkrun,Australia,2018-02-03,2026-02-07,8
Letterkenny parkrun,Ireland,2016-02-06,2026-02-07,10
Midleton Greenway parkrun,Ireland,2025-02-01,2026-02-07,1
Mildura Weir parkrun,Australia,2019-02-02,2026-02-07,7
Mile End parkrun,United Kingdom,2012-02-04,2026-02-07,14
"Mountain Drive parkrun, Graaff-Reinet",South Africa,2019-02-02,2026-02-07,7
North Walsham parkrun,United Kingdom,2022-02-05,2026-02-07,4
Northparkes Oval parkrun,Australia,2021-02-06,2026-02-07,5
parkrun Charzykowy,Poland,2018-02-03,2026-02-07,8
Pioneer Dairy parkrun,Australia,2021-02-06,2026-02-07,5
Port Broughton parkrun,Australia,2018-02-03,2026-02-07,8
Rheinaue parkrun,Germany,2019-02-02,2026-02-07,7
Ted Scobie Oval parkrun,Australia,2021-02-06,2026-02-07,5
Temple Newsam parkrun,United Kingdom,2013-02-02,2026-02-07,13
Toolern Creek parkrun,Australia,2015-02-07,2026-02-07,11
Trentham Gardens parkrun,United Kingdom,2022-02-05,2026-02-07,4
University Parks parkrun,United Kingdom,2022-02-05,2026-02-07,4
Valhalla parkrun,South Africa,2017-02-04,2026-02-07,9
Walvis Bay parkrun,South Africa,2018-02-03,2026-02-07,8
Wolverhampton parkrun,United Kingdom,2013-02-02,2026-02-07,13
Woodbridge Riverside parkrun,Australia,2016-02-06,2026-02-07,10
Yarborough Leisure Centre parkrun,United Kingdom,2023-02-04,2026-02-07,3
Yowie parkrun,Australia,2019-02-02,2026-02-07,7
Ardgillan parkrun,Ireland,2014-02-08,2026-02-14,12
Australian Standing Stones parkrun,Australia,2023-02-11,2026-02-14,3
Bundaberg parkrun,Australia,2017-02-11,2026-02-14,9
Crathes Castle parkrun,United Kingdom,2019-02-09,2026-02-14,7
Dolgellau parkrun,United Kingdom,2016-02-13,2026-02-14,10
Forfar Loch parkrun,United Kingdom,2022-02-12,2026-02-14,4
Frimley Lodge parkrun,United Kingdom,2010-02-13,2026-02-14,16
Golden Beach parkrun,Australia,2014-02-08,2026-02-14,12
Goulburn parkrun,Australia,2018-02-10,2026-02-14,8
Gracepoint parkrun,South Africa,2022-02-12,2026-02-14,4
Great Yarmouth North Beach parkrun,United Kingdom,2020-02-08,2026-02-14,6
"Hamilton Park parkrun, Gore",New Zealand,2022-02-12,2026-02-14,4
Invercargill parkrun,New Zealand,2018-02-10,2026-02-14,8
Ipswich QLD parkrun,Australia,2014-02-08,2026-02-14,12
Kirkcaldy parkrun,United Kingdom,2015-02-14,2026-02-14,11
Kurt-Schumacher-Promenade parkrun,Germany,2020-02-08,2026-02-14,6
Lake Mac parkrun,Australia,2013-02-09,2026-02-14,13
Llanerchaeron parkrun,United Kingdom,2018-02-10,2026-02-14,8
Louis Trichardt parkrun,South Africa,2019-02-09,2026-02-14,7
Ludlow parkrun,United Kingdom,2016-02-13,2026-02-14,10
Maria Creek Reserve parkrun,Australia,2023-02-11,2026-02-14,3
Meadowmill parkrun,United Kingdom,2019-02-09,2026-02-14,7
Meyers Farm parkrun,South Africa,2019-02-09,2026-02-14,7
Moora parkrun,Australia,2017-02-11,2026-02-14,9
Newbury parkrun,United Kingdom,2012-02-11,2026-02-14,14
Nhill parkrun,Australia,2018-02-10,2026-02-14,8
Penrith parkrun,United Kingdom,2014-02-08,2026-02-14,12
Point Hut Pond parkrun,Australia,2023-02-11,2026-02-14,3
Rec Plex North parkrun,United States,2019-02-09,2026-02-14,7
Rondebosch Common parkrun,South Africa,2014-02-08,2026-02-14,12
Thoulstone parkrun,United Kingdom,2025-02-08,2026-02-14,1
van Heekpark parkrun,Netherlands,2024-02-10,2026-02-14,2
Whangarei parkrun,New Zealand,2016-02-13,2026-02-14,10
Wolford Wood parkrun,United Kingdom,2023-02-11,2026-02-14,3
Wollaton Hall parkrun,United Kingdom,2020-02-08,2026-02-14,6
Zeehan Golf Club parkrun,Australia,2024-02-10,2026-02-14,2
Bedworth parkrun,United Kingdom,2018-02-17,2026-02-21,8
Bronkhorstspruit parkrun,South Africa,2019-02-16,2026-02-21,7
Cardiff parkrun,United Kingdom,2008-02-16,2026-02-21,18
Cheltenham parkrun,United Kingdom,2013-02-16,2026-02-21,13
Crewe parkrun,United Kingdom,2018-02-17,2026-02-21,8
Dalby parkrun,Australia,2017-02-18,2026-02-21,9
Darebin parkrun,Australia,2017-02-18,2026-02-21,9
Didcot parkrun,United Kingdom,2015-02-21,2026-02-21,11
Erris parkrun,Ireland,2016-02-20,2026-02-21,10
Gateshead parkrun,United Kingdom,2012-02-18,2026-02-21,14
Great Denham parkrun,United Kingdom,2018-02-17,2026-02-21,8
Hafan Pwllheli parkrun,United Kingdom,2019-02-16,2026-02-21,7
Kirra parkrun,Australia,2012-02-18,2026-02-21,14
Plantation parkrun,Australia,2018-02-17,2026-02-21,8
Reeuwijkse Hout parkrun,Netherlands,2022-02-19,2026-02-21,4
Rosebud parkrun,Australia,2018-02-17,2026-02-21,8
Stratford-upon-Avon parkrun,United Kingdom,2016-02-20,2026-02-21,10
Telford parkrun,United Kingdom,2013-02-16,2026-02-21,13
Tolka Valley parkrun,Ireland,2018-02-17,2026-02-21,8
Valentines parkrun,United Kingdom,2011-02-19,2026-02-21,15
Warringal Parklands parkrun,Australia,2020-02-15,2026-02-21,6
Watermeadows parkrun,United Kingdom,2019-02-16,2026-02-21,7
Wyndham Vale parkrun,Australia,2016-02-20,2026-02-21,10
Beacon Hill Country Park parkrun,United Kingdom,2023-02-25,2026-02-28,3
Bendigo Botanic Gardens parkrun,Australia,2020-02-29,2026-02-28,6
Burrum Heads Beach parkrun,Australia,2025-02-22,2026-02-28,1
"Bushy parkrun, Dublin",Ireland,2017-02-25,2026-02-28,9
California Country parkrun,United Kingdom,2019-02-23,2026-02-28,7
Cassiobury parkrun,United Kingdom,2015-02-28,2026-02-28,11
Chalkwell Beach parkrun,United Kingdom,2020-02-29,2026-02-28,6
Chipping Sodbury parkrun,United Kingdom,2014-02-22,2026-02-28,12
Crawfordsburn Country parkrun,United Kingdom,2020-02-29,2026-02-28,6
Dandenong parkrun,Australia,2020-02-29,2026-02-28,6
Derrynoid Forest parkrun,United Kingdom,2022-02-26,2026-02-28,4
Dunstable Downs parkrun,United Kingdom,2019-02-23,2026-02-28,7
Feltham parkrun,United Kingdom,2019-02-23,2026-02-28,7
Ficksburg parkrun,South Africa,2019-02-23,2026-02-28,7
Gainsborough Parklands parkrun,Australia,2025-02-22,2026-02-28,1
Gloucester City parkrun,United Kingdom,2018-02-24,2026-02-28,8
Goffert parkrun,Netherlands,2020-02-29,2026-02-28,6
Haldon Forest parkrun,United Kingdom,2019-02-23,2026-02-28,7
Hikarigaoka koen parkrun,Japan,2020-02-29,2026-02-28,6
Homestead Lake parkrun,South Africa,2019-02-23,2026-02-28,7
Itchen Valley Country parkrun,United Kingdom,2020-02-29,2026-02-28,6
Jock Trail parkrun,South Africa,2019-02-23,2026-02-28,7
Karpendonkse Plas parkrun,Netherlands,2020-02-29,2026-02-28,6
Knockbracken Reservoir parkrun,United Kingdom,2020-02-29,2026-02-28,6
Kralingse Bos parkrun,Netherlands,2020-02-29,2026-02-28,6
Lyme Park parkrun,United Kingdom,2014-02-22,2026-02-28,12
"Marshall Drive parkrun, Brotton",United Kingdom,2019-02-23,2026-02-28,7
Máxima parkrun,Netherlands,2020-02-29,2026-02-28,6
Newborough parkrun,Australia,2017-02-25,2026-02-28,9
Newcastle Park parkrun,Australia,2023-02-25,2026-02-28,3
Nightcliff parkrun,Australia,2018-02-24,2026-02-28,8
North Yorkshire Water Park parkrun,United Kingdom,2022-02-26,2026-02-28,4
Panania parkrun,Australia,2016-02-27,2026-02-28,10
parkrun Park Lipowy,Poland,2023-02-25,2026-02-28,3
parkrun Rezerwat Strzelnica,Poland,2020-02-29,2026-02-28,6
Peppertree parkrun,Australia,2020-02-29,2026-02-28,6
"Queen’s parkrun, Belfast",United Kingdom,2012-02-25,2026-02-28,14
Rendlesham Forest parkrun,United Kingdom,2022-02-26,2026-02-28,4
Roses parkrun,South Africa,2018-02-24,2026-02-28,8
Scunthorpe parkrun,United Kingdom,2013-02-23,2026-02-28,13
Seotlong Agriculture School parkrun,South Africa,2023-02-25,2026-02-28,3
Shipley Country parkrun,United Kingdom,2017-02-25,2026-02-28,9
Sittingbourne parkrun,United Kingdom,2016-02-27,2026-02-28,10
Sixfields Upton parkrun,United Kingdom,2018-02-24,2026-02-28,8
South Boulder Creek parkrun,United States,2018-02-24,2026-02-28,8
"Stadspark parkrun, Groningen",Netherlands,2020-02-29,2026-02-28,6
Studley parkrun,Australia,2016-02-27,2026-02-28,10
Tapijn parkrun,Netherlands,2020-02-29,2026-02-28,6
The Spinney parkrun,United Kingdom,2022-02-26,2026-02-28,4
Thetford parkrun,United Kingdom,2013-02-23,2026-02-28,13
Thousand Hills parkrun,South Africa,2016-02-27,2026-02-28,10
Tuggeranong parkrun,Australia,2013-02-23,2026-02-28,13
Tzaneen parkrun,South Africa,2020-02-22,2026-02-28,6
Walcha parkrun,Australia,2020-02-29,2026-02-28,6
Wanaka parkrun,New Zealand,2018-02-24,2026-02-28,8
Wickford Memorial parkrun,United Kingdom,2020-02-29,2026-02-28,6
Amsterdamse Bos parkrun,Netherlands,2020-03-07,2026-03-07,6
Atholl parkrun,South Africa,2018-03-03,2026-03-07,8
Avery Hill parkrun,United Kingdom,2010-03-06,2026-03-07,16
Bolberry Down parkrun,United Kingdom,2020-03-07,2026-03-07,6
Calleya parkrun,Australia,2017-03-04,2026-03-07,9
Cambridge NZ parkrun,New Zealand,2017-03-04,2026-03-07,9
Cascades on Clyde Wetlands parkrun,Australia,2021-03-06,2026-03-07,5
Claremorris parkrun,Ireland,2017-03-04,2026-03-07,9
Delamere parkrun,United Kingdom,2013-03-02,2026-03-07,13
Downham Market Academy parkrun,United Kingdom,2022-03-05,2026-03-07,4
Dungloe parkrun,Ireland,2016-03-05,2026-03-07,10
Elgin parkrun,United Kingdom,2016-03-05,2026-03-07,10
Faskally Forest parkrun,United Kingdom,2020-03-07,2026-03-07,6
Fountains Abbey parkrun,United Kingdom,2014-03-01,2026-03-07,12
Frogmary Green Farm parkrun,United Kingdom,2022-03-05,2026-03-07,4
Great Cornard parkrun,United Kingdom,2014-03-01,2026-03-07,12
Groe parkrun,United Kingdom,2019-03-02,2026-03-07,7
Halifax parkrun,United Kingdom,2015-03-07,2026-03-07,11
Highwoods parkrun,United Kingdom,2019-03-02,2026-03-07,7
Kagerzoom parkrun,Netherlands,2020-03-07,2026-03-07,6
Lahnwiesen parkrun,Germany,2020-03-07,2026-03-07,6
Largs Bay parkrun,Australia,2018-03-03,2026-03-07,8
Laytown Beach parkrun,Ireland,2024-03-02,2026-03-07,2
Lingwood parkrun,United Kingdom,2019-03-02,2026-03-07,7
"Loch Neaton parkrun, Watton",United Kingdom,2019-03-02,2026-03-07,7
Lydiard parkrun,United Kingdom,2010-03-06,2026-03-07,16
Narromine Wetlands parkrun,Australia,2019-03-02,2026-03-07,7
Old Town House Park parkrun,United States,2025-03-01,2026-03-07,1
Pomphrey Hill parkrun,United Kingdom,2014-03-01,2026-03-07,12
Red Star parkrun,South Africa,2019-03-02,2026-03-07,7
Rickmansworth parkrun,United Kingdom,2017-03-04,2026-03-07,9
Seaford Beach parkrun,United Kingdom,2019-03-02,2026-03-07,7
Sky River Path parkrun,Australia,2025-03-01,2026-03-07,1
Trelai Park parkrun,United Kingdom,2020-03-07,2026-03-07,6
Vandeleur parkrun,Ireland,2016-03-05,2026-03-07,10
Vejen parkrun,Denmark,2011-03-05,2026-03-07,15
"Victoria parkrun, Truro",Canada,2020-03-07,2026-03-07,6
"Wallace parkrun, Lisburn",United Kingdom,2013-03-02,2026-03-07,13
Warren County Armco parkrun,United States,2023-03-04,2026-03-07,3
Wexford Racecourse parkrun,Ireland,2015-03-07,2026-03-07,11
White Rock parkrun,Australia,2017-03-04,2026-03-07,9
Worsley Woods parkrun,United Kingdom,2012-03-03,2026-03-07,14
Albury Wodonga parkrun,Australia,2014-03-08,2026-03-14,12
Bairnsdale parkrun,Australia,2016-03-12,2026-03-14,10
Brandon Country Park parkrun,United Kingdom,2013-03-09,2026-03-14,13
Castlebar parkrun,Ireland,2014-03-08,2026-03-14,12
Centre Vale parkrun,United Kingdom,2019-03-09,2026-03-14,7
Croxteth Hall parkrun,United Kingdom,2015-03-14,2026-03-14,11
Cuningar Loop parkrun,United Kingdom,2025-03-08,2026-03-14,1
Dawesville parkrun,Australia,2015-03-14,2026-03-14,11
Farfalle parkrun,Italy,2018-03-10,2026-03-14,8
Franschhoek parkrun,South Africa,2016-03-12,2026-03-14,10
Greenfield Valley parkrun,United Kingdom,2020-03-14,2026-03-14,6
Guildford parkrun,United Kingdom,2012-03-10,2026-03-14,14
Hackworth parkrun,United Kingdom,2013-03-09,2026-03-14,13
Haverhill parkrun,United Kingdom,2018-03-10,2026-03-14,8
Hogmoor Inclosure parkrun,United Kingdom,2018-03-10,2026-03-14,8
Lees Road parkrun,Ireland,2015-03-14,2026-03-14,11
Marlay parkrun,Ireland,2013-03-09,2026-03-14,13
Merredin Peak parkrun,Australia,2025-03-08,2026-03-14,1
Midstream parkrun,South Africa,2017-03-11,2026-03-14,9
Newent parkrun,United Kingdom,2013-03-09,2026-03-14,13
parkrun Kołobrzeg,Poland,2015-03-14,2026-03-14,11
Parramatta parkrun,Australia,2013-03-09,2026-03-14,13
Pennington Flash parkrun,United Kingdom,2011-03-12,2026-03-14,15
Philips Park parkrun,United Kingdom,2023-03-11,2026-03-14,3
Phoenix Park parkrun,South Africa,2019-03-09,2026-03-14,7
Portumna parkrun,Ireland,2018-03-10,2026-03-14,8
Puckapunyal parkrun,Australia,2021-03-13,2026-03-14,5
Rosliston parkrun,United Kingdom,2016-03-12,2026-03-14,10
South Woodham Ferrers parkrun,United Kingdom,2018-03-10,2026-03-14,8
Standerton parkrun,South Africa,2018-03-10,2026-03-14,8
Trebeck Reserve parkrun,Australia,2024-03-09,2026-03-14,2
Vogrie parkrun,United Kingdom,2017-03-11,2026-03-14,9
Walsall Arboretum parkrun,United Kingdom,2012-03-10,2026-03-14,14
Wienburgpark parkrun,Germany,2022-03-12,2026-03-14,4
Witney parkrun,United Kingdom,2018-03-10,2026-03-14,8
Bedgebury Pinetum parkrun,United Kingdom,2016-03-19,2026-03-21,10
Benguela Cove parkrun,South Africa,2024-03-16,2026-03-21,2
Berwyn parkrun,United Kingdom,2019-03-16,2026-03-21,7
Betty’s Bay parkrun,South Africa,2018-03-17,2026-03-21,8
Bosmont Stadium parkrun,South Africa,2019-03-16,2026-03-21,7
Campbelltown parkrun,Australia,2014-03-15,2026-03-21,12
Canterbury parkrun,United Kingdom,2014-03-15,2026-03-21,12
Capestone Lake parkrun,Australia,2024-03-16,2026-03-21,2
Cardwell parkrun,Australia,2018-03-17,2026-03-21,8
Chain of Lakes parkrun,Canada,2019-03-16,2026-03-21,7
"Concord parkrun, Sheffield",United Kingdom,2011-03-19,2026-03-21,15
Coombs parkrun,Australia,2018-03-17,2026-03-21,8
Dalby Forest parkrun,United Kingdom,2016-03-19,2026-03-21,10
Durlston Country Park parkrun,United Kingdom,2022-03-19,2026-03-21,4
Eglinton parkrun,United Kingdom,2013-03-16,2026-03-21,13
Evesham parkrun,United Kingdom,2015-03-21,2026-03-21,11
Forest Lake parkrun,Australia,2018-03-17,2026-03-21,8
Hazelwood parkrun,United Kingdom,2018-03-17,2026-03-21,8
Hoblers Bridge Reserve parkrun,Australia,2025-03-15,2026-03-21,1
Kimberley parkrun,South Africa,2015-03-21,2026-03-21,11
Kingston parkrun,United Kingdom,2010-03-20,2026-03-21,16
Maidenhead parkrun,United Kingdom,2015-03-21,2026-03-21,11
Mauerweg parkrun,Germany,2025-03-15,2026-03-21,1
Maylands Peninsula parkrun,Australia,2016-03-19,2026-03-21,10
Mole Valley parkrun,United Kingdom,2018-03-17,2026-03-21,8
Naas parkrun,Ireland,2014-03-15,2026-03-21,12
Netley Abbey parkrun,United Kingdom,2012-03-17,2026-03-21,14
Panboola Wetlands parkrun,Australia,2022-03-19,2026-03-21,4
parkrun Tychy,Poland,2017-03-18,2026-03-21,9
parkrun Warszawa-Ursynów,Poland,2015-03-21,2026-03-21,11
Picnic Point Parklands parkrun,Australia,2023-03-18,2026-03-21,3
Prestelsee parkrun,Germany,2024-03-16,2026-03-21,2
Rockhampton parkrun,Australia,2016-03-19,2026-03-21,10
Sardinia Bay parkrun,South Africa,2017-03-18,2026-03-21,9
Sedgefield parkrun,United Kingdom,2012-03-17,2026-03-21,14
Senekal parkrun,South Africa,2019-03-16,2026-03-21,7
Spring Creek parkrun,Australia,2023-03-18,2026-03-21,3
Victoria Dock parkrun,United Kingdom,2018-03-17,2026-03-21,8
Wetherby parkrun,United Kingdom,2015-03-21,2026-03-21,11
White River parkrun,South Africa,2014-03-15,2026-03-21,12
Yamba parkrun,Australia,2015-03-21,2026-03-21,11
